actor_id,revenue,revenue_year,employees,sector,market_index
OC_ACTOR_25,,2020.0,,,NULL
OC_ACTOR_36,,2020.0,,,NULL
OC_ACTOR_62,,2021.0,,,NULL
OC_ACTOR_64,,2020.0,,,NULL
OC_ACTOR_80,,,,,NULL
OC_ACTOR_184,,2012.0,,,NULL
OC_ACTOR_265,,,,,NULL
OC_ACTOR_269,17200001000.0,,81488.0,,NULL
OC_ACTOR_424,,2020.0,,,NULL
OC_ACTOR_428,,2020.0,,,NULL
OC_ACTOR_478,,,,,NULL
OC_ACTOR_512,,,,,NULL
OC_ACTOR_664,,,,,NULL
OC_ACTOR_666,,2021.0,,,NULL
OC_ACTOR_677,,2019.0,,,NULL
OC_ACTOR_679,,2019.0,,,NULL
OC_ACTOR_687,,2020.0,,,NULL
OC_ACTOR_693,,2021.0,,,NULL
OC_ACTOR_793,,,,,NULL
OC_ACTOR_805,,2019.0,,,NULL
OC_ACTOR_809,,,,,NULL
OC_ACTOR_811,,,,,NULL
OC_ACTOR_815,,,,,NULL
OC_ACTOR_818,,,,,NULL
OC_ACTOR_822,,,,,NULL
OC_ACTOR_853,,2018.0,,,NULL
OC_ACTOR_863,,,,,NULL
OC_ACTOR_892,,,,,NULL
OC_ACTOR_945,,,,,NULL
OC_ACTOR_989,,2021.0,,,NULL
OC_ACTOR_1075,,,,,NULL
OC_ACTOR_1085,,2021.0,,,NULL
OC_ACTOR_1126,,2011.0,,,NULL
OC_ACTOR_1170,,2021.0,,,NULL
OC_ACTOR_1171,,,,,NULL
OC_ACTOR_1179,,,,,NULL
OC_ACTOR_1219,,,,,NULL
OC_ACTOR_1220,,2020.0,,,NULL
OC_ACTOR_1232,,2020.0,,,NULL
OC_ACTOR_1269,,,,,NULL
OC_ACTOR_1332,,2020.0,,,NULL
OC_ACTOR_1351,,2020.0,,,NULL
OC_ACTOR_1401,,2015.0,,,NULL
OC_ACTOR_1428,,2020.0,,,NULL
OC_ACTOR_1458,,,,,NULL
OC_ACTOR_1463,,2021.0,,,NULL
OC_ACTOR_1466,,2020.0,,,NULL
OC_ACTOR_1471,,2021.0,,,NULL
OC_ACTOR_1481,,,,,NULL
OC_ACTOR_1482,,,,,NULL
OC_ACTOR_1485,,,,,NULL
OC_ACTOR_1506,,,,,NULL
OC_ACTOR_1521,,2020.0,,,NULL
OC_ACTOR_1614,,2014.0,,,NULL
OC_ACTOR_1681,,,,,NULL
OC_ACTOR_1727,,,,,NULL
OC_ACTOR_1791,,2020.0,,,NULL
OC_ACTOR_1832,,,,,NULL
OC_ACTOR_1902,,2021.0,,,NULL
OC_ACTOR_2186,,,,,NULL
OC_ACTOR_2225,,2019.0,,,NULL
OC_ACTOR_2342,,,,,NULL
OC_ACTOR_2346,,2021.0,,,NULL
OC_ACTOR_2361,,2019.0,,,NULL
OC_ACTOR_2375,,2021.0,,,NULL
OC_ACTOR_2385,,2022.0,,,NULL
OC_ACTOR_2394,,,,,NULL
OC_ACTOR_2440,,2018.0,,,NULL
OC_ACTOR_2505,,2018.0,,,NULL
OC_ACTOR_2530,,,,,NULL
OC_ACTOR_2569,,2019.0,,,NULL
OC_ACTOR_2584,,2020.0,,,NULL
OC_ACTOR_2618,,,,,NULL
OC_ACTOR_2624,,2017.0,,,NULL
OC_ACTOR_2625,,2017.0,,,NULL
OC_ACTOR_2630,,2021.0,,,NULL
OC_ACTOR_2708,,2020.0,,,NULL
OC_ACTOR_2723,,2020.0,,,NULL
OC_ACTOR_2797,,,,,NULL
OC_ACTOR_2848,,,,,NULL
OC_ACTOR_2856,,,,,NULL
OC_ACTOR_2858,,,,,NULL
OC_ACTOR_2874,,2021.0,,,NULL
OC_ACTOR_2890,,,,,NULL
OC_ACTOR_2896,,2021.0,,,NULL
OC_ACTOR_2908,,2021.0,,,NULL
OC_ACTOR_2958,,2020.0,,,NULL
OC_ACTOR_2962,,2021.0,,,NULL
OC_ACTOR_2968,,2020.0,,,NULL
OC_ACTOR_3001,,,,,NULL
OC_ACTOR_3041,,,,,NULL
OC_ACTOR_3055,,,,,NULL
OC_ACTOR_3066,,2021.0,,,NULL
OC_ACTOR_3070,,2020.0,,,NULL
OC_ACTOR_3084,,,,,NULL
OC_ACTOR_3095,,,,,NULL
OC_ACTOR_3096,,2019.0,,,NULL
OC_ACTOR_3115,,2020.0,,,NULL
OC_ACTOR_3117,,2020.0,,,NULL
OC_ACTOR_3130,,2021.0,,,NULL
OC_ACTOR_3162,,,,,NULL
OC_ACTOR_3257,,,,,NULL
OC_ACTOR_3408,,2021.0,,,NULL
OC_ACTOR_3411,,,,,NULL
OC_ACTOR_3478,,2020.0,,,NULL
OC_ACTOR_3657,,,,,NULL
OC_ACTOR_3658,,,,,NULL
OC_ACTOR_3690,,2020.0,,,NULL
OC_ACTOR_3790,,2015.0,,,NULL
OC_ACTOR_3812,,,,,NULL
OC_ACTOR_3865,,,,,NULL
OC_ACTOR_3867,,2019.0,,,NULL
OC_ACTOR_3892,,2020.0,,,NULL
OC_ACTOR_3896,,2020.0,,,NULL
OC_ACTOR_3933,,2020.0,,,NULL
OC_ACTOR_3960,,,,,NULL
OC_ACTOR_3961,,2021.0,,,NULL
OC_ACTOR_3986,,2021.0,,,NULL
OC_ACTOR_4011,,2020.0,,,NULL
OC_ACTOR_4012,,2015.0,,,NULL
OC_ACTOR_4019,,2020.0,,,NULL
OC_ACTOR_4022,,,,,NULL
OC_ACTOR_4048,,2020.0,,,NULL
OC_ACTOR_4098,,2021.0,,,NULL
OC_ACTOR_4112,,,,,NULL
OC_ACTOR_4128,,2020.0,,,NULL
OC_ACTOR_4199,,2017.0,,,NULL
OC_ACTOR_4249,,,,,NULL
OC_ACTOR_4290,,2020.0,,,NULL
OC_ACTOR_4293,,,,,NULL
OC_ACTOR_4311,,,,,NULL
OC_ACTOR_4327,,,,,NULL
OC_ACTOR_4331,,2020.0,,,NULL
OC_ACTOR_4332,,,,,NULL
OC_ACTOR_4372,,2020.0,,,NULL
OC_ACTOR_4387,,,,,NULL
OC_ACTOR_4388,,,,,NULL
OC_ACTOR_4409,,2021.0,,,NULL
OC_ACTOR_4433,,,,,NULL
OC_ACTOR_4445,,,,,NULL
OC_ACTOR_4447,,2021.0,,,NULL
OC_ACTOR_4460,,2021.0,,,NULL
OC_ACTOR_4462,,,,,NULL
OC_ACTOR_4472,,2018.0,,,NULL
OC_ACTOR_4474,,,,,NULL
OC_ACTOR_4518,,,,,NULL
OC_ACTOR_4547,,,,,NULL
OC_ACTOR_4548,,2021.0,,,NULL
OC_ACTOR_4564,,,,,NULL
OC_ACTOR_4566,,2021.0,,,NULL
OC_ACTOR_4627,,2021.0,,,NULL
OC_ACTOR_4688,,2021.0,,,NULL
OC_ACTOR_4754,,2020.0,,,NULL
OC_ACTOR_4818,,2020.0,,,NULL
OC_ACTOR_4820,,2020.0,,,NULL
OC_ACTOR_4894,,2021.0,,,NULL
OC_ACTOR_4912,,2020.0,,,NULL
OC_ACTOR_4914,,2020.0,,,NULL
OC_ACTOR_4947,,2020.0,,,NULL
OC_ACTOR_4957,,2020.0,,,NULL
OC_ACTOR_5031,,2020.0,,,NULL
OC_ACTOR_5033,,,,,NULL
OC_ACTOR_5065,,2019.0,,,NULL
OC_ACTOR_5084,,2020.0,,,NULL
OC_ACTOR_5099,,,,,NULL
OC_ACTOR_5133,,2021.0,,,NULL
OC_ACTOR_5141,,2020.0,,,NULL
OC_ACTOR_5145,,,,,NULL
OC_ACTOR_5162,,,,,NULL
OC_ACTOR_5177,,2021.0,,,NULL
OC_ACTOR_5208,,,,,NULL
OC_ACTOR_5215,,,,,NULL
OC_ACTOR_5241,,,,,NULL
OC_ACTOR_5330,,,,,NULL
OC_ACTOR_5446,,2021.0,,,NULL
OC_ACTOR_5471,,2020.0,,,NULL
OC_ACTOR_5498,,,,,NULL
OC_ACTOR_5523,,2020.0,,,NULL
OC_ACTOR_5534,,2020.0,,,NULL
OC_ACTOR_5554,,2020.0,,,NULL
OC_ACTOR_5565,,2020.0,,,NULL
OC_ACTOR_5652,,,,,NULL
OC_ACTOR_5696,,,,,NULL
OC_ACTOR_5820,,,,,NULL
OC_ACTOR_5845,,2020.0,,,NULL
OC_ACTOR_5904,,,,,NULL
OC_ACTOR_5947,,,,,NULL
OC_ACTOR_5948,,2019.0,,,NULL
OC_ACTOR_6016,,,,,NULL
OC_ACTOR_6022,,2021.0,,,NULL
OC_ACTOR_6031,,,,,NULL
OC_ACTOR_6036,,2019.0,,,NULL
OC_ACTOR_6041,,,,,NULL
OC_ACTOR_6074,,,,,NULL
OC_ACTOR_6095,,2019.0,,,NULL
OC_ACTOR_6100,,2018.0,,,NULL
OC_ACTOR_6101,,2020.0,,,NULL
OC_ACTOR_6103,,2017.0,,,NULL
OC_ACTOR_6104,,2020.0,,,NULL
OC_ACTOR_6179,,2020.0,,,NULL
OC_ACTOR_6180,,,,,NULL
OC_ACTOR_6383,,2018.0,,,NULL
OC_ACTOR_6427,,2020.0,,,NULL
OC_ACTOR_6492,,,,,NULL
OC_ACTOR_6531,,,,,NULL
OC_ACTOR_6546,,2021.0,,,NULL
OC_ACTOR_6549,,,,,NULL
OC_ACTOR_6581,,2018.0,,,NULL
OC_ACTOR_6595,,,,,NULL
OC_ACTOR_6607,,2020.0,,,NULL
OC_ACTOR_6638,,,,,NULL
OC_ACTOR_6735,,,,,NULL
OC_ACTOR_6783,,,,,NULL
OC_ACTOR_6784,,2021.0,,,NULL
OC_ACTOR_6785,,2020.0,,,NULL
OC_ACTOR_6786,,2013.0,,,NULL
OC_ACTOR_6825,,,,,NULL
OC_ACTOR_7065,,2015.0,,,NULL
OC_ACTOR_7066,,2020.0,,,NULL
OC_ACTOR_7114,,2020.0,,,NULL
OC_ACTOR_7176,,2016.0,,,NULL
OC_ACTOR_7215,,2020.0,,,NULL
OC_ACTOR_7232,,,,,NULL
OC_ACTOR_7283,,2020.0,,,NULL
OC_ACTOR_7309,,,,,NULL
OC_ACTOR_7343,,2020.0,,,NULL
OC_ACTOR_7406,,2019.0,,,NULL
OC_ACTOR_7415,,2021.0,,,NULL
OC_ACTOR_7429,,2020.0,,,NULL
OC_ACTOR_7537,,2017.0,,,NULL
OC_ACTOR_7567,,2021.0,,,NULL
OC_ACTOR_7595,,2020.0,,,NULL
OC_ACTOR_7618,,,,,NULL
OC_ACTOR_7630,,2020.0,,,NULL
OC_ACTOR_7737,,,,,NULL
OC_ACTOR_7759,,2020.0,,,NULL
OC_ACTOR_7762,,2021.0,,,NULL
OC_ACTOR_7764,,2020.0,,,NULL
OC_ACTOR_7783,,2019.0,,,NULL
OC_ACTOR_7815,,2021.0,,,NULL
OC_ACTOR_7831,,2021.0,,,NULL
OC_ACTOR_7884,,2020.0,,,NULL
OC_ACTOR_7886,,,,,NULL
OC_ACTOR_7888,,2018.0,,,NULL
OC_ACTOR_7902,,,,,NULL
OC_ACTOR_8128,,,,,NULL
OC_ACTOR_8144,,2021.0,,,NULL
OC_ACTOR_8190,,2011.0,,,NULL
OC_ACTOR_8269,,2021.0,,,NULL
OC_ACTOR_8302,,2020.0,,,NULL
OC_ACTOR_8407,,2018.0,,,NULL
OC_ACTOR_8459,,2020.0,,,NULL
OC_ACTOR_8614,,2018.0,,,NULL
OC_ACTOR_8646,,,,,NULL
OC_ACTOR_8712,,,,,NULL
OC_ACTOR_8727,,2020.0,,,NULL
OC_ACTOR_8773,,2018.0,,,NULL
OC_ACTOR_8799,,2020.0,,,NULL
OC_ACTOR_8822,,2020.0,,,NULL
OC_ACTOR_8834,,2018.0,,,NULL
OC_ACTOR_8846,,,,,NULL
OC_ACTOR_8848,,2021.0,,,NULL
OC_ACTOR_8868,,2021.0,,,NULL
OC_ACTOR_8889,,,,,NULL
OC_ACTOR_8917,,,,,NULL
OC_ACTOR_8922,,,,,NULL
OC_ACTOR_8968,,2018.0,,,NULL
OC_ACTOR_8976,,,,,NULL
OC_ACTOR_9010,,,,,NULL
OC_ACTOR_9047,,2021.0,,,NULL
OC_ACTOR_9123,,,,,NULL
OC_ACTOR_9150,,,,,NULL
OC_ACTOR_9159,,2020.0,,,NULL
OC_ACTOR_9356,,2021.0,,,NULL
OC_ACTOR_9373,,,,,NULL
OC_ACTOR_9462,,2021.0,,,NULL
OC_ACTOR_9503,,2021.0,,,NULL
OC_ACTOR_9544,,2018.0,,,NULL
OC_ACTOR_9572,,2021.0,,,NULL
OC_ACTOR_9648,,2020.0,,,NULL
OC_ACTOR_9676,,,,,NULL
OC_ACTOR_9726,,2021.0,,,NULL
OC_ACTOR_9940,,2021.0,,,NULL
OC_ACTOR_9954,54600000000.0,2020.0,192282.0,Construction,NULL
OC_ACTOR_10033,,,,,NULL
OC_ACTOR_10034,,2017.0,,,NULL
OC_ACTOR_10075,,2021.0,,,NULL
OC_ACTOR_10095,,,,,NULL
OC_ACTOR_10096,,2020.0,,,NULL
OC_ACTOR_10098,,2018.0,,,NULL
OC_ACTOR_10101,,,,,NULL
OC_ACTOR_10105,,2020.0,,,NULL
OC_ACTOR_10123,,,,,NULL
OC_ACTOR_10138,,2021.0,,,NULL
OC_ACTOR_10201,,2022.0,,,NULL
OC_ACTOR_10210,,2020.0,,,NULL
OC_ACTOR_10211,,2025.0,,,NULL
OC_ACTOR_10212,,2020.0,,,NULL
OC_ACTOR_10213,,2020.0,,,NULL
OC_ACTOR_10214,,2020.0,,,NULL
OC_ACTOR_10215,,2020.0,,,NULL
OC_ACTOR_10216,,2020.0,,,NULL
OC_ACTOR_10217,,2020.0,,,NULL
OC_ACTOR_10218,,,,,NULL
OC_ACTOR_10219,,2019.0,,,NULL
OC_ACTOR_10220,,2020.0,,,NULL
OC_ACTOR_10221,,,,,NULL
OC_ACTOR_10222,,2021.0,,,NULL
OC_ACTOR_10223,,2020.0,,,NULL
OC_ACTOR_10224,,2019.0,,,NULL
OC_ACTOR_10225,,2021.0,,,NULL
OC_ACTOR_10226,,2021.0,,,NULL
OC_ACTOR_10227,,2020.0,,,NULL
OC_ACTOR_10228,,2020.0,,,NULL
OC_ACTOR_10229,,2021.0,,,NULL
OC_ACTOR_10230,,2020.0,,,NULL
OC_ACTOR_10231,,2021.0,,,NULL
OC_ACTOR_10232,,2019.0,,,NULL
OC_ACTOR_10233,,2020.0,,,NULL
OC_ACTOR_10234,,2020.0,,,NULL
OC_ACTOR_10235,,2020.0,,,NULL
OC_ACTOR_10236,,2020.0,,,NULL
OC_ACTOR_10237,,2021.0,,,NULL
OC_ACTOR_10238,,2016.0,,,NULL
OC_ACTOR_10239,,2016.0,,,NULL
OC_ACTOR_10240,,2020.0,,,NULL
OC_ACTOR_10241,,2020.0,,,NULL
OC_ACTOR_10242,,2020.0,,,NULL
OC_ACTOR_10243,,2018.0,,,NULL
OC_ACTOR_10244,,2021.0,,,NULL
OC_ACTOR_10245,,2021.0,,,NULL
OC_ACTOR_10246,,2019.0,,,NULL
OC_ACTOR_10247,,2015.0,,,NULL
OC_ACTOR_10248,,,,,NULL
OC_ACTOR_10249,,2020.0,,,NULL
OC_ACTOR_10250,,2015.0,,,NULL
OC_ACTOR_10251,,2020.0,,,NULL
OC_ACTOR_10252,,2020.0,,,NULL
OC_ACTOR_10253,,2020.0,,,NULL
OC_ACTOR_10254,,2021.0,,,NULL
OC_ACTOR_10255,,2021.0,,,NULL
OC_ACTOR_10256,,2020.0,,,NULL
OC_ACTOR_10257,,2020.0,,,NULL
OC_ACTOR_10258,,2020.0,,,NULL
OC_ACTOR_10259,,2020.0,,,NULL
OC_ACTOR_10260,,,,,NULL
OC_ACTOR_10261,,2020.0,,,NULL
OC_ACTOR_10262,,2021.0,,,NULL
OC_ACTOR_10263,,2020.0,,,NULL
OC_ACTOR_10264,,2021.0,,,NULL
OC_ACTOR_10265,,2020.0,,,NULL
OC_ACTOR_10266,,2021.0,,,NULL
OC_ACTOR_10267,,2020.0,,,NULL
OC_ACTOR_10268,,2020.0,,,NULL
OC_ACTOR_10269,,2021.0,,,NULL
OC_ACTOR_10270,,2021.0,,,NULL
OC_ACTOR_10271,,2020.0,,,NULL
OC_ACTOR_10272,,2019.0,,,NULL
OC_ACTOR_10273,,2020.0,,,NULL
OC_ACTOR_10274,,2021.0,,,NULL
OC_ACTOR_10275,,2020.0,,,NULL
OC_ACTOR_10276,,2020.0,,,NULL
OC_ACTOR_10277,,2020.0,,,NULL
OC_ACTOR_10278,,2020.0,,,NULL
OC_ACTOR_10279,,2020.0,,,NULL
OC_ACTOR_10280,,2019.0,,,NULL
OC_ACTOR_10281,,2020.0,,,NULL
OC_ACTOR_10282,,,,,NULL
OC_ACTOR_10283,,2020.0,,,NULL
OC_ACTOR_10284,,2021.0,,,NULL
OC_ACTOR_10285,,2020.0,,,NULL
OC_ACTOR_10286,,,,,NULL
OC_ACTOR_10287,,2020.0,,,NULL
OC_ACTOR_10288,,2021.0,,,NULL
OC_ACTOR_10289,,2020.0,,,NULL
OC_ACTOR_10290,,2020.0,,,NULL
OC_ACTOR_10291,,2020.0,,,NULL
OC_ACTOR_10292,,,,,NULL
OC_ACTOR_10293,,2020.0,,,NULL
OC_ACTOR_10294,,2020.0,,,NULL
OC_ACTOR_10295,,2021.0,,,NULL
OC_ACTOR_10296,,2020.0,,,NULL
OC_ACTOR_10297,,2020.0,,,NULL
OC_ACTOR_10298,,2019.0,,,NULL
OC_ACTOR_10299,,2020.0,,,NULL
OC_ACTOR_10300,,,,,NULL
OC_ACTOR_10301,,,,,NULL
OC_ACTOR_10302,,2021.0,,,NULL
OC_ACTOR_10303,,,,,NULL
OC_ACTOR_10304,,2020.0,,,NULL
OC_ACTOR_10305,,2020.0,,,NULL
OC_ACTOR_10306,,2020.0,,,NULL
OC_ACTOR_10307,,,,,NULL
OC_ACTOR_10308,,2014.0,,,NULL
OC_ACTOR_10309,,2020.0,,,NULL
OC_ACTOR_10310,,2020.0,,,NULL
OC_ACTOR_10311,,2018.0,,,NULL
OC_ACTOR_10312,,,,,NULL
OC_ACTOR_10313,,2020.0,,,NULL
OC_ACTOR_10314,,2020.0,,,NULL
OC_ACTOR_10315,,2020.0,,,NULL
OC_ACTOR_10316,,2021.0,,,NULL
OC_ACTOR_10317,,2020.0,,,NULL
OC_ACTOR_10318,,2020.0,,,NULL
OC_ACTOR_10319,,2021.0,,,NULL
OC_ACTOR_10320,,2020.0,,,NULL
OC_ACTOR_10321,,2021.0,,,NULL
OC_ACTOR_10322,,2020.0,,,NULL
OC_ACTOR_10323,,2021.0,,,NULL
OC_ACTOR_10324,,2020.0,,,NULL
OC_ACTOR_10325,,2020.0,,,NULL
OC_ACTOR_10326,,2020.0,,,NULL
OC_ACTOR_10327,,2021.0,,,NULL
OC_ACTOR_10328,,2020.0,,,NULL
OC_ACTOR_10329,,2021.0,,,NULL
OC_ACTOR_10330,,,,,NULL
OC_ACTOR_10331,,2021.0,,,NULL
OC_ACTOR_10332,,2021.0,,,NULL
OC_ACTOR_10333,,2017.0,,,NULL
OC_ACTOR_10334,,2019.0,,,NULL
OC_ACTOR_10335,,2019.0,,,NULL
OC_ACTOR_10336,,2021.0,,,NULL
OC_ACTOR_10337,,2021.0,,,NULL
OC_ACTOR_10338,,2021.0,,,NULL
OC_ACTOR_10339,,,,,NULL
OC_ACTOR_10340,,,,,NULL
OC_ACTOR_10341,,2020.0,,,NULL
OC_ACTOR_10342,,2020.0,,,NULL
OC_ACTOR_10343,,2016.0,,,NULL
OC_ACTOR_10344,,2022.0,,,NULL
OC_ACTOR_10345,,2021.0,,,NULL
OC_ACTOR_10346,,2020.0,,,NULL
OC_ACTOR_10347,,,,,NULL
OC_ACTOR_10348,,,,,NULL
OC_ACTOR_10349,,2017.0,,,NULL
OC_ACTOR_10350,,2021.0,,,NULL
OC_ACTOR_10351,,2021.0,,,NULL
OC_ACTOR_10352,,2018.0,,,NULL
OC_ACTOR_10353,,2020.0,,,NULL
OC_ACTOR_10354,,,,,NULL
OC_ACTOR_10355,,2021.0,,,NULL
OC_ACTOR_10356,,2021.0,,,NULL
OC_ACTOR_10357,,,,,NULL
OC_ACTOR_10358,,2021.0,,,NULL
OC_ACTOR_10359,,2021.0,,,NULL
OC_ACTOR_10360,,,,,NULL
OC_ACTOR_10361,,2020.0,,,NULL
OC_ACTOR_10362,,2020.0,,,NULL
OC_ACTOR_10363,,2015.0,,,NULL
OC_ACTOR_10364,,2021.0,,,NULL
OC_ACTOR_10365,,,,,NULL
OC_ACTOR_10366,,2015.0,,,NULL
OC_ACTOR_10367,,2021.0,,,NULL
OC_ACTOR_10368,,2021.0,,,NULL
OC_ACTOR_10369,,2021.0,,,NULL
OC_ACTOR_10370,,2021.0,,,NULL
OC_ACTOR_10371,,2021.0,,,NULL
OC_ACTOR_10372,,2019.0,,,NULL
OC_ACTOR_10373,,2021.0,,,NULL
OC_ACTOR_10374,,2021.0,,,NULL
OC_ACTOR_10375,,2019.0,,,NULL
OC_ACTOR_10376,,,,,NULL
OC_ACTOR_10377,,2021.0,,,NULL
OC_ACTOR_10378,,2021.0,,,NULL
OC_ACTOR_10379,,,,,NULL
OC_ACTOR_10380,,2019.0,,,NULL
OC_ACTOR_10381,,,,,NULL
OC_ACTOR_10382,,2021.0,,,NULL
OC_ACTOR_10383,,2021.0,,,NULL
OC_ACTOR_10384,,,,,NULL
OC_ACTOR_10385,,2021.0,,,NULL
OC_ACTOR_10386,,2021.0,,,NULL
OC_ACTOR_10387,,2019.0,,,NULL
OC_ACTOR_10388,,,,,NULL
OC_ACTOR_10389,,2015.0,,,NULL
OC_ACTOR_10390,,2019.0,,,NULL
OC_ACTOR_10391,,2017.0,,,NULL
OC_ACTOR_10392,,2021.0,,,NULL
OC_ACTOR_10393,,,,,NULL
OC_ACTOR_10394,,2021.0,,,NULL
OC_ACTOR_10395,,2021.0,,,NULL
OC_ACTOR_10396,,2015.0,,,NULL
OC_ACTOR_10397,,,,,NULL
OC_ACTOR_10398,,2021.0,,,NULL
OC_ACTOR_10399,,2019.0,,,NULL
OC_ACTOR_10400,,,,,NULL
OC_ACTOR_10401,,2021.0,,,NULL
OC_ACTOR_10402,,2015.0,,,NULL
OC_ACTOR_10403,,2021.0,,,NULL
OC_ACTOR_10404,,,,,NULL
OC_ACTOR_10405,,2020.0,,,NULL
OC_ACTOR_10406,,2019.0,,,NULL
OC_ACTOR_10407,,2020.0,,,NULL
OC_ACTOR_10408,,2020.0,,,NULL
OC_ACTOR_10409,,2020.0,,,NULL
OC_ACTOR_10410,,2019.0,,,NULL
OC_ACTOR_10411,,2019.0,,,NULL
OC_ACTOR_10412,,2020.0,,,NULL
OC_ACTOR_10413,,2018.0,,,NULL
OC_ACTOR_10414,,2021.0,,,NULL
OC_ACTOR_10415,,2020.0,,,NULL
OC_ACTOR_10416,,2018.0,,,NULL
OC_ACTOR_10417,,2020.0,,,NULL
OC_ACTOR_10418,,2020.0,,,NULL
OC_ACTOR_10419,,2020.0,,,NULL
OC_ACTOR_10420,,2020.0,,,NULL
OC_ACTOR_10421,,2019.0,,,NULL
OC_ACTOR_10422,,2020.0,,,NULL
OC_ACTOR_10423,,2020.0,,,NULL
OC_ACTOR_10424,,2020.0,,,NULL
OC_ACTOR_10425,,2021.0,,,NULL
OC_ACTOR_10426,,2020.0,,,NULL
OC_ACTOR_10427,,2020.0,,,NULL
OC_ACTOR_10428,,2015.0,,,NULL
OC_ACTOR_10429,,2020.0,,,NULL
OC_ACTOR_10430,,2020.0,,,NULL
OC_ACTOR_10431,,2020.0,,,NULL
OC_ACTOR_10432,,2018.0,,,NULL
OC_ACTOR_10433,,2020.0,,,NULL
OC_ACTOR_10434,,2020.0,,,NULL
OC_ACTOR_10435,,,,,NULL
OC_ACTOR_10436,,2012.0,,,NULL
OC_ACTOR_10437,,,,,NULL
OC_ACTOR_10438,,2014.0,,,NULL
OC_ACTOR_10439,,,,,NULL
OC_ACTOR_10440,,2020.0,,,NULL
OC_ACTOR_10441,,2017.0,,,NULL
OC_ACTOR_10442,,2020.0,,,NULL
OC_ACTOR_10443,,2021.0,,,NULL
OC_ACTOR_10444,,2021.0,,,NULL
OC_ACTOR_10445,,2020.0,,,NULL
OC_ACTOR_10446,,2020.0,,,NULL
OC_ACTOR_10447,,2021.0,,,NULL
OC_ACTOR_10448,,2021.0,,,NULL
OC_ACTOR_10449,,2021.0,,,NULL
OC_ACTOR_10450,,2020.0,,,NULL
OC_ACTOR_10451,,2021.0,,,NULL
OC_ACTOR_10452,,2020.0,,,NULL
OC_ACTOR_10453,,2020.0,,,NULL
OC_ACTOR_10454,,2020.0,,,NULL
OC_ACTOR_10455,,2020.0,,,NULL
OC_ACTOR_10456,,2020.0,,,NULL
OC_ACTOR_10457,,,,,NULL
OC_ACTOR_10458,,2021.0,,,NULL
OC_ACTOR_10459,,2021.0,,,NULL
OC_ACTOR_10460,,2021.0,,,NULL
OC_ACTOR_10461,,2021.0,,,NULL
OC_ACTOR_10462,,2021.0,,,NULL
OC_ACTOR_10463,,2020.0,,,NULL
OC_ACTOR_10464,,2021.0,,,NULL
OC_ACTOR_10465,,2020.0,,,NULL
OC_ACTOR_10466,,2020.0,,,NULL
OC_ACTOR_10467,,2020.0,,,NULL
OC_ACTOR_10468,,,,,NULL
OC_ACTOR_10469,,2020.0,,,NULL
OC_ACTOR_10470,,2020.0,,,NULL
OC_ACTOR_10471,,2020.0,,,NULL
OC_ACTOR_10472,,2020.0,,,NULL
OC_ACTOR_10473,,2020.0,,,NULL
OC_ACTOR_10474,,2020.0,,,NULL
OC_ACTOR_10475,,2022.0,,,NULL
OC_ACTOR_10476,,2021.0,,,NULL
OC_ACTOR_10477,,2017.0,,,NULL
OC_ACTOR_10478,,2016.0,,,NULL
OC_ACTOR_10479,,,,,NULL
OC_ACTOR_10480,,,,,NULL
OC_ACTOR_10481,,,,,NULL
OC_ACTOR_10482,,,,,NULL
OC_ACTOR_10483,,,,,NULL
OC_ACTOR_10484,,,,,NULL
OC_ACTOR_10485,,2016.0,,,NULL
OC_ACTOR_10486,,2007.0,,,NULL
OC_ACTOR_10487,,,,,NULL
OC_ACTOR_10488,,2019.0,,,NULL
OC_ACTOR_10489,,,,,NULL
OC_ACTOR_10490,,,,,NULL
OC_ACTOR_10491,,,,,NULL
OC_ACTOR_10492,,,,,NULL
OC_ACTOR_10493,,2020.0,,,NULL
OC_ACTOR_10494,,,,,NULL
OC_ACTOR_10495,,,,,NULL
OC_ACTOR_10496,,,,,NULL
OC_ACTOR_10497,,,,,NULL
OC_ACTOR_10498,,,,,NULL
OC_ACTOR_10499,,2018.0,,,NULL
OC_ACTOR_10500,,2019.0,,,NULL
OC_ACTOR_10501,,,,,NULL
OC_ACTOR_10502,,2021.0,,,NULL
OC_ACTOR_10503,,,,,NULL
OC_ACTOR_10504,,,,,NULL
OC_ACTOR_10505,,2020.0,,,NULL
OC_ACTOR_10506,,,,,NULL
OC_ACTOR_10507,,,,,NULL
OC_ACTOR_10508,,,,,NULL
OC_ACTOR_10509,,,,,NULL
OC_ACTOR_10510,,,,,NULL
OC_ACTOR_10511,,2020.0,,,NULL
OC_ACTOR_10512,,2020.0,,,NULL
OC_ACTOR_10513,,,,,NULL
OC_ACTOR_10514,,,,,NULL
OC_ACTOR_10515,,,,,NULL
OC_ACTOR_10516,,,,,NULL
OC_ACTOR_10517,,2019.0,,,NULL
OC_ACTOR_10518,,,,,NULL
OC_ACTOR_10519,,,,,NULL
OC_ACTOR_10520,,2020.0,,,NULL
OC_ACTOR_10521,,,,,NULL
OC_ACTOR_10522,,2012.0,,,NULL
OC_ACTOR_10523,,2011.0,,,NULL
OC_ACTOR_10524,,2015.0,,,NULL
OC_ACTOR_10525,,,,,NULL
OC_ACTOR_10526,,2021.0,,,NULL
OC_ACTOR_10527,,,,,NULL
OC_ACTOR_10528,,,,,NULL
OC_ACTOR_10529,,,,,NULL
OC_ACTOR_10530,,,,,NULL
OC_ACTOR_10531,,,,,NULL
OC_ACTOR_10532,,,,,NULL
OC_ACTOR_10533,,2021.0,,,NULL
OC_ACTOR_10534,,,,,NULL
OC_ACTOR_10535,,,,,NULL
OC_ACTOR_10536,,,,,NULL
OC_ACTOR_10537,,,,,NULL
OC_ACTOR_10538,,,,,NULL
OC_ACTOR_10539,,,,,NULL
OC_ACTOR_10540,,,,,NULL
OC_ACTOR_10541,,2019.0,,,NULL
OC_ACTOR_10542,,,,,NULL
OC_ACTOR_10543,,,,,NULL
OC_ACTOR_10544,,,,,NULL
OC_ACTOR_10545,,2017.0,,,NULL
OC_ACTOR_10546,,2013.0,,,NULL
OC_ACTOR_10547,,,,,NULL
OC_ACTOR_10548,,,,,NULL
OC_ACTOR_10549,,,,,NULL
OC_ACTOR_10550,,,,,NULL
OC_ACTOR_10551,,,,,NULL
OC_ACTOR_10552,,,,,NULL
OC_ACTOR_10553,,,,,NULL
OC_ACTOR_10554,,,,,NULL
OC_ACTOR_10555,,,,,NULL
OC_ACTOR_10556,,,,,NULL
OC_ACTOR_10557,,,,,NULL
OC_ACTOR_10558,,,,,NULL
OC_ACTOR_10559,,,,,NULL
OC_ACTOR_10560,,,,,NULL
OC_ACTOR_10561,,,,,NULL
OC_ACTOR_10562,,,,,NULL
OC_ACTOR_10563,,,,,NULL
OC_ACTOR_10564,,,,,NULL
OC_ACTOR_10565,,,,,NULL
OC_ACTOR_10566,,,,,NULL
OC_ACTOR_10567,,,,,NULL
OC_ACTOR_10568,,,,,NULL
OC_ACTOR_10569,,,,,NULL
OC_ACTOR_10570,,,,,NULL
OC_ACTOR_10571,,,,,NULL
OC_ACTOR_10572,,,,,NULL
OC_ACTOR_10573,,,,,NULL
OC_ACTOR_10574,,,,,NULL
OC_ACTOR_10575,,,,,NULL
OC_ACTOR_10576,,,,,NULL
OC_ACTOR_10577,,,,,NULL
OC_ACTOR_10578,,,,,NULL
OC_ACTOR_10579,,,,,NULL
OC_ACTOR_10580,,,,,NULL
OC_ACTOR_10581,,,,,NULL
OC_ACTOR_10582,,,,,NULL
OC_ACTOR_10583,,,,,NULL
OC_ACTOR_10584,,,,,NULL
OC_ACTOR_10585,,,,,NULL
OC_ACTOR_10586,,,,,NULL
OC_ACTOR_10587,,,,,NULL
OC_ACTOR_10588,,,,,NULL
OC_ACTOR_10589,,,,,NULL
OC_ACTOR_10590,,,,,NULL
OC_ACTOR_10591,,,,,NULL
OC_ACTOR_10592,,,,,NULL
OC_ACTOR_10593,,,,,NULL
OC_ACTOR_10594,,,,,NULL
OC_ACTOR_10595,,,,,NULL
OC_ACTOR_10596,,,,,NULL
OC_ACTOR_10597,,,,,NULL
OC_ACTOR_10598,,,,,NULL
OC_ACTOR_10599,,,,,NULL
OC_ACTOR_10600,,2021.0,,,NULL
OC_ACTOR_10601,,,,,NULL
OC_ACTOR_10602,,2021.0,,,NULL
OC_ACTOR_10603,,,,,NULL
OC_ACTOR_10604,,,,,NULL
OC_ACTOR_10605,,2021.0,,,NULL
OC_ACTOR_10606,,,,,NULL
OC_ACTOR_10607,,,,,NULL
OC_ACTOR_10608,,2020.0,,,NULL
OC_ACTOR_10609,,,,,NULL
OC_ACTOR_10610,,,,,NULL
OC_ACTOR_10611,,2020.0,,,NULL
OC_ACTOR_10612,,2021.0,,,NULL
OC_ACTOR_10613,,2020.0,,,NULL
OC_ACTOR_10614,,2021.0,,,NULL
OC_ACTOR_10615,,,,,NULL
OC_ACTOR_10616,,2021.0,,,NULL
OC_ACTOR_10617,,2021.0,,,NULL
OC_ACTOR_10618,,2021.0,,,NULL
OC_ACTOR_10619,,2021.0,,,NULL
OC_ACTOR_10620,,,,,NULL
OC_ACTOR_10621,,2020.0,,,NULL
OC_ACTOR_10622,,2021.0,,,NULL
OC_ACTOR_10623,,2021.0,,,NULL
OC_ACTOR_10624,,2021.0,,,NULL
OC_ACTOR_10625,,2021.0,,,NULL
OC_ACTOR_10626,,2021.0,,,NULL
OC_ACTOR_10627,,,,,NULL
OC_ACTOR_10628,,,,,NULL
OC_ACTOR_10629,,,,,NULL
OC_ACTOR_10630,,,,,NULL
OC_ACTOR_10631,,,,,NULL
OC_ACTOR_10632,,,,,NULL
OC_ACTOR_10633,,,,,NULL
OC_ACTOR_10634,,,,,NULL
OC_ACTOR_10635,,,,,NULL
OC_ACTOR_10636,,,,,NULL
OC_ACTOR_10637,,,,,NULL
OC_ACTOR_10638,,,,,NULL
OC_ACTOR_10639,,,,,NULL
OC_ACTOR_10640,,,,,NULL
OC_ACTOR_10641,,,,,NULL
OC_ACTOR_10642,,,,,NULL
OC_ACTOR_10643,,,,,NULL
OC_ACTOR_10644,,,,,NULL
OC_ACTOR_10645,,,,,NULL
OC_ACTOR_10646,,2016.0,,,NULL
OC_ACTOR_10647,,,,,NULL
OC_ACTOR_10648,,,,,NULL
OC_ACTOR_10649,,,,,NULL
OC_ACTOR_10650,,,,,NULL
OC_ACTOR_10651,,,,,NULL
OC_ACTOR_10652,,,,,NULL
OC_ACTOR_10653,,,,,NULL
OC_ACTOR_10654,,,,,NULL
OC_ACTOR_10655,,,,,NULL
OC_ACTOR_10656,,,,,NULL
OC_ACTOR_10657,,,,,NULL
OC_ACTOR_10658,,,,,NULL
OC_ACTOR_10659,,,,,NULL
OC_ACTOR_10660,,,,,NULL
OC_ACTOR_10661,,,,,NULL
OC_ACTOR_10662,,,,,NULL
OC_ACTOR_10663,,,,,NULL
OC_ACTOR_10664,,,,,NULL
OC_ACTOR_10665,,,,,NULL
OC_ACTOR_10666,,,,,NULL
OC_ACTOR_10667,,,,,NULL
OC_ACTOR_10668,,,,,NULL
OC_ACTOR_10669,,2020.0,,,NULL
OC_ACTOR_10670,,,,,NULL
OC_ACTOR_10671,,,,,NULL
OC_ACTOR_10672,,,,,NULL
OC_ACTOR_10673,,,,,NULL
OC_ACTOR_10674,,,,,NULL
OC_ACTOR_10675,,,,,NULL
OC_ACTOR_10676,,,,,NULL
OC_ACTOR_10677,,2021.0,,,NULL
OC_ACTOR_10678,,,,,NULL
OC_ACTOR_10679,,,,,NULL
OC_ACTOR_10680,,2021.0,,,NULL
OC_ACTOR_10681,,,,,NULL
OC_ACTOR_10682,,,,,NULL
OC_ACTOR_10683,,,,,NULL
OC_ACTOR_10684,,,,,NULL
OC_ACTOR_10685,,,,,NULL
OC_ACTOR_10686,,,,,NULL
OC_ACTOR_10687,,,,,NULL
OC_ACTOR_10688,,,,,NULL
OC_ACTOR_10689,,2019.0,,,NULL
OC_ACTOR_10690,,,,,NULL
OC_ACTOR_10691,,,,,NULL
OC_ACTOR_10692,,,,,NULL
OC_ACTOR_10693,,,,,NULL
OC_ACTOR_10694,,,,,NULL
OC_ACTOR_10695,,,,,NULL
OC_ACTOR_10696,,,,,NULL
OC_ACTOR_10697,,,,,NULL
OC_ACTOR_10698,,,,,NULL
OC_ACTOR_10699,,,,,NULL
OC_ACTOR_10700,,,,,NULL
OC_ACTOR_10701,,2015.0,,,NULL
OC_ACTOR_10702,,,,,NULL
OC_ACTOR_10703,,,,,NULL
OC_ACTOR_10704,,2021.0,,,NULL
OC_ACTOR_10705,,,,,NULL
OC_ACTOR_10706,,,,,NULL
OC_ACTOR_10707,,,,,NULL
OC_ACTOR_10708,,,,,NULL
OC_ACTOR_10709,,,,,NULL
OC_ACTOR_10710,,,,,NULL
OC_ACTOR_10711,,,,,NULL
OC_ACTOR_10712,,,,,NULL
OC_ACTOR_10713,,,,,NULL
OC_ACTOR_10714,,,,,NULL
OC_ACTOR_10715,,,,,NULL
OC_ACTOR_10716,,,,,NULL
OC_ACTOR_10717,,,,,NULL
OC_ACTOR_10718,,,,,NULL
OC_ACTOR_10719,,2020.0,,,NULL
OC_ACTOR_10720,,,,,NULL
OC_ACTOR_10721,,,,,NULL
OC_ACTOR_10722,,,,,NULL
OC_ACTOR_10723,,,,,NULL
OC_ACTOR_10724,,2014.0,,,NULL
OC_ACTOR_10725,,,,,NULL
OC_ACTOR_10726,,,,,NULL
OC_ACTOR_10727,,,,,NULL
OC_ACTOR_10728,,2016.0,,,NULL
OC_ACTOR_10729,,,,,NULL
OC_ACTOR_10730,,2013.0,,,NULL
OC_ACTOR_10731,,,,,NULL
OC_ACTOR_10732,,,,,NULL
OC_ACTOR_10733,,,,,NULL
OC_ACTOR_10734,,,,,NULL
OC_ACTOR_10735,,,,,NULL
OC_ACTOR_10736,,,,,NULL
OC_ACTOR_10737,,,,,NULL
OC_ACTOR_10738,,,,,NULL
OC_ACTOR_10739,,,,,NULL
OC_ACTOR_10740,,,,,NULL
OC_ACTOR_10741,,,,,NULL
OC_ACTOR_10742,,,,,NULL
OC_ACTOR_10743,,,,,NULL
OC_ACTOR_10744,,,,,NULL
OC_ACTOR_10745,,,,,NULL
OC_ACTOR_10746,,,,,NULL
OC_ACTOR_10747,,,,,NULL
OC_ACTOR_10748,,,,,NULL
OC_ACTOR_10749,,,,,NULL
OC_ACTOR_10750,,,,,NULL
OC_ACTOR_10751,,,,,NULL
OC_ACTOR_10752,,,,,NULL
OC_ACTOR_10753,,,,,NULL
OC_ACTOR_10754,,,,,NULL
OC_ACTOR_10755,,,,,NULL
OC_ACTOR_10756,,,,,NULL
OC_ACTOR_10757,,,,,NULL
OC_ACTOR_10758,,,,,NULL
OC_ACTOR_10759,,,,,NULL
OC_ACTOR_10760,,,,,NULL
OC_ACTOR_10761,,,,,NULL
OC_ACTOR_10762,,,,,NULL
OC_ACTOR_10763,,,,,NULL
OC_ACTOR_10764,,,,,NULL
OC_ACTOR_10765,,,,,NULL
OC_ACTOR_10766,,,,,NULL
OC_ACTOR_10767,,,,,NULL
OC_ACTOR_10768,,,,,NULL
OC_ACTOR_10769,,,,,NULL
OC_ACTOR_10770,,,,,NULL
OC_ACTOR_10771,,,,,NULL
OC_ACTOR_10772,,,,,NULL
OC_ACTOR_10773,,,,,NULL
OC_ACTOR_10774,,,,,NULL
OC_ACTOR_10775,,,,,NULL
OC_ACTOR_10776,,,,,NULL
OC_ACTOR_10777,,,,,NULL
OC_ACTOR_10778,,,,,NULL
OC_ACTOR_10779,,,,,NULL
OC_ACTOR_10780,,,,,NULL
OC_ACTOR_10781,,,,,NULL
OC_ACTOR_10782,,,,,NULL
OC_ACTOR_10783,,,,,NULL
OC_ACTOR_10784,,,,,NULL
OC_ACTOR_10785,,,,,NULL
OC_ACTOR_10786,,,,,NULL
OC_ACTOR_10787,,,,,NULL
OC_ACTOR_10788,,,,,NULL
OC_ACTOR_10789,,,,,NULL
OC_ACTOR_10790,,,,,NULL
OC_ACTOR_10791,,,,,NULL
OC_ACTOR_10792,,,,,NULL
OC_ACTOR_10793,,,,,NULL
OC_ACTOR_10794,,,,,NULL
OC_ACTOR_10795,,,,,NULL
OC_ACTOR_10796,,,,,NULL
OC_ACTOR_10797,,,,,NULL
OC_ACTOR_10798,,,,,NULL
OC_ACTOR_10799,,,,,NULL
OC_ACTOR_10800,,,,,NULL
OC_ACTOR_10801,,,,,NULL
OC_ACTOR_10802,,,,,NULL
OC_ACTOR_10803,,,,,NULL
OC_ACTOR_10804,,,,,NULL
OC_ACTOR_10805,,,,,NULL
OC_ACTOR_10806,,,,,NULL
OC_ACTOR_10807,,,,,NULL
OC_ACTOR_10808,,,,,NULL
OC_ACTOR_10809,,2021.0,,,NULL
OC_ACTOR_10810,,,,,NULL
OC_ACTOR_10811,,2013.0,,,NULL
OC_ACTOR_10812,,2018.0,,,NULL
OC_ACTOR_10813,,,,,NULL
OC_ACTOR_10814,,,,,NULL
OC_ACTOR_10815,,,,,NULL
OC_ACTOR_10816,,2021.0,,,NULL
OC_ACTOR_10817,,2021.0,,,NULL
OC_ACTOR_10818,,,,,NULL
OC_ACTOR_10819,,,,,NULL
OC_ACTOR_10820,,,,,NULL
OC_ACTOR_10821,,2020.0,,,NULL
OC_ACTOR_10822,,,,,NULL
OC_ACTOR_10823,,,,,NULL
OC_ACTOR_10824,,,,,NULL
OC_ACTOR_10825,,,,,NULL
OC_ACTOR_10826,,,,,NULL
OC_ACTOR_10827,,,,,NULL
OC_ACTOR_10828,,,,,NULL
OC_ACTOR_10829,,,,,NULL
OC_ACTOR_10830,,,,,NULL
OC_ACTOR_10831,,,,,NULL
OC_ACTOR_10832,,2021.0,,,NULL
OC_ACTOR_10833,,,,,NULL
OC_ACTOR_10834,,,,,NULL
OC_ACTOR_10835,,2013.0,,,NULL
OC_ACTOR_10836,,2015.0,,,NULL
OC_ACTOR_10837,,,,,NULL
OC_ACTOR_10838,,,,,NULL
OC_ACTOR_10839,,,,,NULL
OC_ACTOR_10840,,,,,NULL
OC_ACTOR_10841,,2010.0,,,NULL
OC_ACTOR_10842,,,,,NULL
OC_ACTOR_10843,,,,,NULL
OC_ACTOR_10844,,,,,NULL
OC_ACTOR_10845,,,,,NULL
OC_ACTOR_10846,,,,,NULL
OC_ACTOR_10847,,,,,NULL
OC_ACTOR_10848,,2021.0,,,NULL
OC_ACTOR_10849,,2020.0,,,NULL
OC_ACTOR_10850,,,,,NULL
OC_ACTOR_10851,,2021.0,,,NULL
OC_ACTOR_10852,,,,,NULL
OC_ACTOR_10853,,,,,NULL
OC_ACTOR_10854,,,,,NULL
OC_ACTOR_10855,,2021.0,,,NULL
OC_ACTOR_10856,,,,,NULL
OC_ACTOR_10857,,,,,NULL
OC_ACTOR_10858,,,,,NULL
OC_ACTOR_10859,,2018.0,,,NULL
OC_ACTOR_10860,,2021.0,,,NULL
OC_ACTOR_10861,,,,,NULL
OC_ACTOR_10862,,,,,NULL
OC_ACTOR_10863,,2019.0,,,NULL
OC_ACTOR_10864,,,,,NULL
OC_ACTOR_10865,,,,,NULL
OC_ACTOR_10866,,2019.0,,,NULL
OC_ACTOR_10867,,,,,NULL
OC_ACTOR_10868,,,,,NULL
OC_ACTOR_10869,,,,,NULL
OC_ACTOR_10870,,2021.0,,,NULL
OC_ACTOR_10871,,,,,NULL
OC_ACTOR_10872,,,,,NULL
OC_ACTOR_10873,,2020.0,,,NULL
OC_ACTOR_10874,,,,,NULL
OC_ACTOR_10875,,,,,NULL
OC_ACTOR_10876,,,,,NULL
OC_ACTOR_10877,,,,,NULL
OC_ACTOR_10878,,,,,NULL
OC_ACTOR_10879,,2019.0,,,NULL
OC_ACTOR_10880,,,,,NULL
OC_ACTOR_10881,,,,,NULL
OC_ACTOR_10882,,,,,NULL
OC_ACTOR_10883,,2020.0,,,NULL
OC_ACTOR_10884,,2021.0,,,NULL
OC_ACTOR_10885,,,,,NULL
OC_ACTOR_10886,,,,,NULL
OC_ACTOR_10887,,,,,NULL
OC_ACTOR_10888,,2018.0,,,NULL
OC_ACTOR_10889,,,,,NULL
OC_ACTOR_10890,,,,,NULL
OC_ACTOR_10891,,,,,NULL
OC_ACTOR_10892,,,,,NULL
OC_ACTOR_10893,,,,,NULL
OC_ACTOR_10894,,,,,NULL
OC_ACTOR_10895,,,,,NULL
OC_ACTOR_10896,,,,,NULL
OC_ACTOR_10897,,2013.0,,,NULL
OC_ACTOR_10898,,,,,NULL
OC_ACTOR_10899,,,,,NULL
OC_ACTOR_10900,,2021.0,,,NULL
OC_ACTOR_10901,,,,,NULL
OC_ACTOR_10902,,2018.0,,,NULL
OC_ACTOR_10903,,2020.0,,,NULL
OC_ACTOR_10904,,2015.0,,,NULL
OC_ACTOR_10905,,,,,NULL
OC_ACTOR_10906,,,,,NULL
OC_ACTOR_10907,,2018.0,,,NULL
OC_ACTOR_10908,,2021.0,,,NULL
OC_ACTOR_10909,,2022.0,,,NULL
OC_ACTOR_10910,,2016.0,,,NULL
OC_ACTOR_10911,,2021.0,,,NULL
OC_ACTOR_10912,,2021.0,,,NULL
OC_ACTOR_10913,,,,,NULL
OC_ACTOR_10914,,,,,NULL
OC_ACTOR_10915,,,,,NULL
OC_ACTOR_10916,,,,,NULL
OC_ACTOR_10917,,,,,NULL
OC_ACTOR_10918,,2021.0,,,NULL
OC_ACTOR_10919,,,,,NULL
OC_ACTOR_10920,,,,,NULL
OC_ACTOR_10921,,,,,NULL
OC_ACTOR_10922,,,,,NULL
OC_ACTOR_10923,,,,,NULL
OC_ACTOR_10924,,,,,NULL
OC_ACTOR_10925,,,,,NULL
OC_ACTOR_10926,,,,,NULL
OC_ACTOR_10927,,,,,NULL
OC_ACTOR_10928,,2019.0,,,NULL
OC_ACTOR_10929,,,,,NULL
OC_ACTOR_10930,,,,,NULL
OC_ACTOR_10931,,,,,NULL
OC_ACTOR_10932,,,,,NULL
OC_ACTOR_10933,,,,,NULL
OC_ACTOR_10934,,,,,NULL
OC_ACTOR_10935,,,,,NULL
OC_ACTOR_10936,,,,,NULL
OC_ACTOR_10937,,,,,NULL
OC_ACTOR_10938,,,,,NULL
OC_ACTOR_10939,,,,,NULL
OC_ACTOR_10940,,,,,NULL
OC_ACTOR_10941,,,,,NULL
OC_ACTOR_10942,,,,,NULL
OC_ACTOR_10943,,,,,NULL
OC_ACTOR_10944,,,,,NULL
OC_ACTOR_10945,,,,,NULL
OC_ACTOR_10946,,,,,NULL
OC_ACTOR_10947,,,,,NULL
OC_ACTOR_10948,,,,,NULL
OC_ACTOR_10949,,,,,NULL
OC_ACTOR_10950,,,,,NULL
OC_ACTOR_10951,,,,,NULL
OC_ACTOR_10952,,,,,NULL
OC_ACTOR_10953,,,,,NULL
OC_ACTOR_10954,,,,,NULL
OC_ACTOR_10955,,,,,NULL
OC_ACTOR_10956,,,,,NULL
OC_ACTOR_10957,,,,,NULL
OC_ACTOR_10958,,,,,NULL
OC_ACTOR_10959,,,,,NULL
OC_ACTOR_10960,,,,,NULL
OC_ACTOR_10961,,,,,NULL
OC_ACTOR_10962,,,,,NULL
OC_ACTOR_10963,,,,,NULL
OC_ACTOR_10964,,,,,NULL
OC_ACTOR_10965,,,,,NULL
OC_ACTOR_10966,,,,,NULL
OC_ACTOR_10967,,,,,NULL
OC_ACTOR_10968,,,,,NULL
OC_ACTOR_10969,,,,,NULL
OC_ACTOR_10970,,,,,NULL
OC_ACTOR_10971,,,,,NULL
OC_ACTOR_10972,,,,,NULL
OC_ACTOR_10973,,,,,NULL
OC_ACTOR_10974,,,,,NULL
OC_ACTOR_10975,,,,,NULL
OC_ACTOR_10976,,,,,NULL
OC_ACTOR_10977,,,,,NULL
OC_ACTOR_10978,,,,,NULL
OC_ACTOR_10979,,,,,NULL
OC_ACTOR_10980,,,,,NULL
OC_ACTOR_10981,,,,,NULL
OC_ACTOR_10982,,,,,NULL
OC_ACTOR_10983,,,,,NULL
OC_ACTOR_10984,,,,,NULL
OC_ACTOR_10985,,2021.0,,,NULL
OC_ACTOR_10986,,,,,NULL
OC_ACTOR_10987,,,,,NULL
OC_ACTOR_10988,,,,,NULL
OC_ACTOR_10989,,,,,NULL
OC_ACTOR_10990,,,,,NULL
OC_ACTOR_10991,,,,,NULL
OC_ACTOR_10992,,,,,NULL
OC_ACTOR_10993,,,,,NULL
OC_ACTOR_10994,,,,,NULL
OC_ACTOR_10995,,,,,NULL
OC_ACTOR_10996,,,,,NULL
OC_ACTOR_10997,,,,,NULL
OC_ACTOR_10998,,,,,NULL
OC_ACTOR_10999,,,,,NULL
OC_ACTOR_11000,,,,,NULL
OC_ACTOR_11001,,,,,NULL
OC_ACTOR_11002,,,,,NULL
OC_ACTOR_11003,,2019.0,,,NULL
OC_ACTOR_11004,,,,,NULL
OC_ACTOR_11005,,,,,NULL
OC_ACTOR_11006,,,,,NULL
OC_ACTOR_11007,,,,,NULL
OC_ACTOR_11008,,,,,NULL
OC_ACTOR_11009,,,,,NULL
OC_ACTOR_11010,,,,,NULL
OC_ACTOR_11011,,,,,NULL
OC_ACTOR_11012,,,,,NULL
OC_ACTOR_11013,,,,,NULL
OC_ACTOR_11014,,,,,NULL
OC_ACTOR_11015,,,,,NULL
OC_ACTOR_11016,,,,,NULL
OC_ACTOR_11017,,,,,NULL
OC_ACTOR_11018,,,,,NULL
OC_ACTOR_11019,,,,,NULL
OC_ACTOR_11020,,,,,NULL
OC_ACTOR_11021,,,,,NULL
OC_ACTOR_11022,,,,,NULL
OC_ACTOR_11023,,,,,NULL
OC_ACTOR_11024,,,,,NULL
OC_ACTOR_11025,,,,,NULL
OC_ACTOR_11026,,,,,NULL
OC_ACTOR_11027,,,,,NULL
OC_ACTOR_11028,,,,,NULL
OC_ACTOR_11029,,,,,NULL
OC_ACTOR_11030,,,,,NULL
OC_ACTOR_11031,,,,,NULL
OC_ACTOR_11032,,2021.0,,,NULL
OC_ACTOR_11033,,2021.0,,,NULL
OC_ACTOR_11034,,,,,NULL
OC_ACTOR_11035,,,,,NULL
OC_ACTOR_11036,,,,,NULL
OC_ACTOR_11037,,,,,NULL
OC_ACTOR_11038,,,,,NULL
OC_ACTOR_11039,,,,,NULL
OC_ACTOR_11040,,,,,NULL
OC_ACTOR_11041,,,,,NULL
OC_ACTOR_11042,,,,,NULL
OC_ACTOR_11043,,,,,NULL
OC_ACTOR_11044,,2021.0,,,NULL
OC_ACTOR_11045,,,,,NULL
OC_ACTOR_11046,,,,,NULL
OC_ACTOR_11047,,,,,NULL
OC_ACTOR_11048,,,,,NULL
OC_ACTOR_11049,,2017.0,,,NULL
OC_ACTOR_11050,,,,,NULL
OC_ACTOR_11051,,,,,NULL
OC_ACTOR_11052,,,,,NULL
OC_ACTOR_11053,,2016.0,,,NULL
OC_ACTOR_11054,,,,,NULL
OC_ACTOR_11055,,,,,NULL
OC_ACTOR_11056,,,,,NULL
OC_ACTOR_11057,,,,,NULL
OC_ACTOR_11058,,,,,NULL
OC_ACTOR_11059,,,,,NULL
OC_ACTOR_11060,,,,,NULL
OC_ACTOR_11061,,,,,NULL
OC_ACTOR_11062,,,,,NULL
OC_ACTOR_11063,,,,,NULL
OC_ACTOR_11064,,,,,NULL
OC_ACTOR_11065,,,,,NULL
OC_ACTOR_11066,,,,,NULL
OC_ACTOR_11067,,,,,NULL
OC_ACTOR_11068,,,,,NULL
OC_ACTOR_11069,,,,,NULL
OC_ACTOR_11070,,,,,NULL
OC_ACTOR_11071,,2021.0,,,NULL
OC_ACTOR_11072,,2019.0,,,NULL
OC_ACTOR_11073,,,,,NULL
OC_ACTOR_11074,,2015.0,,,NULL
OC_ACTOR_11075,,2020.0,,,NULL
OC_ACTOR_11076,,,,,NULL
OC_ACTOR_11077,,,,,NULL
OC_ACTOR_11078,,,,,NULL
OC_ACTOR_11079,,,,,NULL
OC_ACTOR_11080,,,,,NULL
OC_ACTOR_11081,,,,,NULL
OC_ACTOR_11082,,,,,NULL
OC_ACTOR_11083,,2021.0,,,NULL
OC_ACTOR_11084,,2021.0,,,NULL
OC_ACTOR_11085,,,,,NULL
OC_ACTOR_11086,,,,,NULL
OC_ACTOR_11087,,,,,NULL
OC_ACTOR_11088,,2019.0,,,NULL
OC_ACTOR_11089,,2018.0,,,NULL
OC_ACTOR_11090,,,,,NULL
OC_ACTOR_11091,,,,,NULL
OC_ACTOR_11092,,,,,NULL
OC_ACTOR_11093,,,,,NULL
OC_ACTOR_11094,,,,,NULL
OC_ACTOR_11095,,,,,NULL
OC_ACTOR_11096,,,,,NULL
OC_ACTOR_11097,,,,,NULL
OC_ACTOR_11098,,,,,NULL
OC_ACTOR_11099,,,,,NULL
OC_ACTOR_11100,,,,,NULL
OC_ACTOR_11101,,,,,NULL
OC_ACTOR_11102,,,,,NULL
OC_ACTOR_11103,,,,,NULL
OC_ACTOR_11104,,,,,NULL
OC_ACTOR_11105,,,,,NULL
OC_ACTOR_11139,32300000000.0,2021.0,96163.0,Chemicals,NULL
OC_ACTOR_11181,28000000000.0,,144400.0,,NULL
OC_ACTOR_11183,33300000000.0,2021.0,30000.0,Biotech & pharma,NULL
OC_ACTOR_11189,1700000000.0,2019.0,13450.0,Specialized professional services,NULL
OC_ACTOR_11221,44700000000.0,2021.0,492000.0,,NULL
OC_ACTOR_11228,8049000000.0,2020.0,37403.0,Construction,NULL
OC_ACTOR_11231,4499999700.0,,223370.0,,NULL
OC_ACTOR_11283,26459000000.0,2020.0,59533.0,Textiles & fabric goods,NULL
OC_ACTOR_11291,11171300000.0,2019.0,,,NULL
OC_ACTOR_11294,5299999700.0,2019.0,26122.0,,NULL
OC_ACTOR_11301,9700000000.0,,67000.0,"Trading, wholesale, distribution, rental & leasing",NULL
OC_ACTOR_11303,7200000000.0,,11400.0,Electrical & electronic equipment,NULL
OC_ACTOR_11310,2500000000.0,2020.0,,,NULL
OC_ACTOR_11320,18400000000.0,,86000.0,,NULL
OC_ACTOR_11325,4800000000.0,2020.0,8878.0,,NULL
OC_ACTOR_11327,78900000000.0,2020.0,,Convenience retail,NULL
OC_ACTOR_11360,13900000000.0,,55598.0,,NULL
OC_ACTOR_11368,5200000000.0,,16300.0,,NULL
OC_ACTOR_11374,9200000000.0,2020.0,3750.0,,NULL
OC_ACTOR_11416,30400000000.0,2020.0,90386.0,Air transport,NULL
OC_ACTOR_11417,24500000000.0,2020.0,67200.0,,NULL
OC_ACTOR_11422,76200000000.0,2021.0,134931.0,,NULL
OC_ACTOR_11438,10200001000.0,2021.0,34504.0,Food & beverage processing,NULL
OC_ACTOR_11441,3000000000.0,2021.0,7724.0,,NULL
OC_ACTOR_11450,10200001000.0,2020.0,34500.0,,NULL
OC_ACTOR_11484,4899999700.0,2020.0,17497.0,,NULL
OC_ACTOR_11487,70600000000.0,2021.0,101958.0,,NULL
OC_ACTOR_11506,16100000000.0,,17400.0,Biotech & pharma,NULL
OC_ACTOR_11530,166300000000.0,2021.0,118899.0,Web & marketing services,NULL
OC_ACTOR_11538,9300000000.0,2020.0,36270.0,,NULL
OC_ACTOR_11556,20500000000.0,2021.0,7300.0,Tobacco,NULL
OC_ACTOR_11567,6200000000.0,2020.0,17789.0,,NULL
OC_ACTOR_11576,280522000000.0,2019.0,798000.0,,NULL
OC_ACTOR_11589,11100000000.0,,50000.0,,NULL
OC_ACTOR_11592,52300000000.0,2021.0,189448.0,,NULL
OC_ACTOR_11594,43700000000.0,2020.0,133700.0,,NULL
OC_ACTOR_11603,182100000000.0,2021.0,22000.0,,NULL
OC_ACTOR_11635,5800000000.0,,16400.0,,NULL
OC_ACTOR_11652,29900000000.0,,69000.0,Coal mining,NULL
OC_ACTOR_11654,52300000000.0,2021.0,171915.0,Food & beverage processing,NULL
OC_ACTOR_11679,109300000000.0,2020.0,70600.0,,NULL
OC_ACTOR_11708,260174000000.0,2020.0,137000.0,Electrical & electronic equipment,NULL
OC_ACTOR_11710,15000001000.0,,22000.0,,NULL
OC_ACTOR_11717,14400000000.0,2021.0,141000.0,,NULL
OC_ACTOR_11741,16199999000.0,2021.0,283500.0,,NULL
OC_ACTOR_11753,70500000000.0,2020.0,191248.0,,NULL
OC_ACTOR_11784,9799999000.0,,20507.0,,NULL
OC_ACTOR_11836,19164000000.0,2020.0,,Food & beverage processing,NULL
OC_ACTOR_11837,19900000000.0,2021.0,39283.0,,NULL
OC_ACTOR_11868,9900000000.0,2021.0,49000.0,,NULL
OC_ACTOR_11879,11800001000.0,2020.0,16243.0,Biotech & pharma,NULL
OC_ACTOR_11883,26233000000.0,2020.0,70600.0,Biotech & pharma,NULL
OC_ACTOR_11890,179200000000.0,2020.0,246000.0,"Media, telecommunications & data center services",NULL
OC_ACTOR_11902,10400000000.0,2020.0,29090.0,Land & Property ownership & development,NULL
OC_ACTOR_11908,1400000000.0,2020.0,3616.0,,NULL
OC_ACTOR_11910,12970000000.0,2020.0,108317.0,IT & software development,NULL
OC_ACTOR_11948,3274300000.0,2020.0,10100.0,,NULL
OC_ACTOR_11991,5900000300.0,2020.0,27000.0,,NULL
OC_ACTOR_12037,23400000000.0,2021.0,79000.0,,NULL
OC_ACTOR_12042,15500000000.0,2021.0,37779.0,,NULL
OC_ACTOR_12052,11500000000.0,2020.0,18300.0,Metal products manufacturing,NULL
OC_ACTOR_12088,,2020.0,,Construction,NULL
OC_ACTOR_12090,7500000300.0,2020.0,12257.0,,NULL
OC_ACTOR_12095,66500000000.0,,117628.0,Chemicals,NULL
OC_ACTOR_12108,46718000000.0,2020.0,106000.0,Biotech & pharma,NULL
OC_ACTOR_12110,19100000000.0,2020.0,19193.0,,NULL
OC_ACTOR_12119,18100000000.0,,52100.0,,NULL
OC_ACTOR_12144,17400000000.0,2020.0,70093.0,,NULL
OC_ACTOR_12160,8566000000.0,,20654.0,,NULL
OC_ACTOR_12161,,2016.0,,,NULL
OC_ACTOR_12200,9700000000.0,2018.0,48000.0,,NULL
OC_ACTOR_12204,43638000000.0,2020.0,125000.0,Discretionary retail,NULL
OC_ACTOR_12230,11987000000.0,2020.0,19721.0,,NULL
OC_ACTOR_12232,45800000000.0,2020.0,60644.0,,NULL
OC_ACTOR_12273,14377900000.0,2020.0,7400.0,Biotech & pharma,NULL
OC_ACTOR_12367,116600000000.0,2021.0,133778.0,Transportation equipment,NULL
OC_ACTOR_12390,15800001000.0,2020.0,59650.0,,NULL
OC_ACTOR_12424,10800000000.0,2020.0,36000.0,,NULL
OC_ACTOR_12435,42500000000.0,,130500.0,Construction,NULL
OC_ACTOR_12444,271600000000.0,2020.0,70100.0,,NULL
OC_ACTOR_12461,4739999700.0,2020.0,,,NULL
OC_ACTOR_12487,14400000000.0,,17492.0,,NULL
OC_ACTOR_12505,10700000000.0,2021.0,64294.0,,NULL
OC_ACTOR_12512,33000000000.0,2021.0,59989.0,Tobacco,NULL
OC_ACTOR_12537,3400000000.0,,4700.0,,NULL
OC_ACTOR_12548,29097000000.0,2021.0,105300.0,"Media, telecommunications & data center services",NULL
OC_ACTOR_12580,41100000000.0,,24000.0,,NULL
OC_ACTOR_12583,11900000000.0,,19000.0,,NULL
OC_ACTOR_12588,5699999700.0,,78395.0,,NULL
OC_ACTOR_12648,8700000000.0,2017.0,64000.0,Entertainment facilities,NULL
OC_ACTOR_12678,8300000300.0,,19000.0,Food & beverage processing,NULL
OC_ACTOR_12682,11200000000.0,2019.0,25975.0,,NULL
OC_ACTOR_12683,6099999700.0,2021.0,12694.0,,NULL
OC_ACTOR_12700,15809000000.0,2020.0,219314.0,,NULL
OC_ACTOR_12704,5000000000.0,2020.0,8484.0,,NULL
OC_ACTOR_12755,149700000000.0,2021.0,49500.0,,NULL
OC_ACTOR_12767,9879000000.0,2020.0,41430.0,Food & beverage processing,NULL
OC_ACTOR_12770,20900000000.0,2020.0,102000.0,,NULL
OC_ACTOR_12776,83000000000.0,2021.0,321383.0,Convenience retail,NULL
OC_ACTOR_12779,18600000000.0,2020.0,52635.0,,NULL
OC_ACTOR_12835,23900000000.0,2020.0,100000.0,Other services,NULL
OC_ACTOR_12850,1100000000.0,2021.0,1610.0,"Trading, wholesale, distribution, rental & leasing",NULL
OC_ACTOR_12863,13500000000.0,2021.0,40640.0,,NULL
OC_ACTOR_12869,28900000000.0,2021.0,26758.0,Thermal power generation,NULL
OC_ACTOR_12885,9200000000.0,2021.0,32535.0,Energy utility networks,NULL
OC_ACTOR_12889,9799999000.0,2021.0,77500.0,,NULL
OC_ACTOR_12909,17200001000.0,2021.0,,,NULL
OC_ACTOR_12910,17700000000.0,2021.0,,,NULL
OC_ACTOR_12929,140100000000.0,2021.0,48200.0,,NULL
OC_ACTOR_12949,35700000000.0,,119394.0,,NULL
OC_ACTOR_12952,36600000000.0,,155606.0,,NULL
OC_ACTOR_12953,21800000000.0,,26852.0,,NULL
OC_ACTOR_12955,4700000300.0,2020.0,19816.0,,NULL
OC_ACTOR_12968,4499999700.0,2021.0,14600.0,,NULL
OC_ACTOR_13008,51600000000.0,2021.0,75900.0,IT & software development,NULL
OC_ACTOR_13012,3200000000.0,,8400.0,,NULL
OC_ACTOR_13028,38200000000.0,2020.0,30000.0,,NULL
OC_ACTOR_13115,6099999700.0,2021.0,8800.0,,NULL
OC_ACTOR_13123,10900000000.0,2021.0,7960.0,,NULL
OC_ACTOR_13135,28100000000.0,,63499.0,Powered machinery,NULL
OC_ACTOR_13137,33600000000.0,2019.0,18703.0,,NULL
OC_ACTOR_13150,13449000000.0,2020.0,25765.0,Food & beverage processing,NULL
OC_ACTOR_13151,26300000000.0,2021.0,229871.0,,NULL
OC_ACTOR_13152,7900000300.0,,29427.0,,NULL
OC_ACTOR_13179,16800000000.0,2021.0,292500.0,,NULL
OC_ACTOR_13184,17421000000.0,2021.0,33800.0,,NULL
OC_ACTOR_13197,2700000000.0,2020.0,12234.0,,NULL
OC_ACTOR_13198,10800000000.0,,28339.0,,NULL
OC_ACTOR_13225,16400000000.0,2020.0,28740.0,,NULL
OC_ACTOR_13240,31700000000.0,2021.0,250000.0,,NULL
OC_ACTOR_13260,10400000000.0,,18000.0,,NULL
OC_ACTOR_13301,8300000300.0,,9000.0,,NULL
OC_ACTOR_13312,49800000000.0,2020.0,241458.0,Light manufacturing,NULL
OC_ACTOR_13371,16700000000.0,2020.0,21000.0,,NULL
OC_ACTOR_13444,28100000000.0,2021.0,80300.0,,NULL
OC_ACTOR_13460,11000001000.0,2021.0,,,NULL
OC_ACTOR_13474,11800001000.0,2021.0,21000.0,,NULL
OC_ACTOR_13488,22600000000.0,2021.0,61615.0,,NULL
OC_ACTOR_13509,268700000000.0,2020.0,290000.0,Medical equipment & supplies,NULL
OC_ACTOR_13530,12900000000.0,2020.0,38051.0,Print & publishing services,NULL
OC_ACTOR_13532,8999999000.0,2030.0,,Biotech & pharma,NULL
OC_ACTOR_13533,23500000000.0,2020.0,76484.0,Electrical & electronic equipment,NULL
OC_ACTOR_13534,193000000000.0,2020.0,301000.0,Transportation equipment,NULL
OC_ACTOR_13539,,,,,NULL
OC_ACTOR_13541,40000000000.0,2020.0,44947.0,,NULL
OC_ACTOR_13562,28303000000.0,2020.0,102449.0,Food & beverage processing,NULL
OC_ACTOR_13571,4499999700.0,,19361.0,,NULL
OC_ACTOR_13588,11399999000.0,,65000.0,,NULL
OC_ACTOR_13635,92154000000.0,2020.0,165000.0,,NULL
OC_ACTOR_13643,45100000000.0,2021.0,91000.0,Air transport,NULL
OC_ACTOR_13646,8800000000.0,2017.0,,,NULL
OC_ACTOR_13661,9600000000.0,2020.0,66400.0,Web & marketing services,NULL
OC_ACTOR_13679,3700000000.0,,6775.0,,NULL
OC_ACTOR_13681,70900000000.0,2017.0,499461.0,,NULL
OC_ACTOR_13682,90135000000.0,,210533.0,"Media, telecommunications & data center services",NULL
OC_ACTOR_13700,16800000000.0,2021.0,28150.0,Food & beverage processing,NULL
OC_ACTOR_13750,12999999000.0,2020.0,42185.0,,NULL
OC_ACTOR_13771,974000000.0,,3909.0,,NULL
OC_ACTOR_13779,3700000000.0,2021.0,13100.0,,NULL
OC_ACTOR_13798,7100000300.0,,24000.0,,NULL
OC_ACTOR_13799,41800000000.0,2020.0,36500.0,,NULL
OC_ACTOR_13806,7400000000.0,,56000.0,,NULL
OC_ACTOR_13828,10084000000.0,,22174.0,Chemicals,NULL
OC_ACTOR_13850,35700000000.0,2021.0,35000.0,,NULL
OC_ACTOR_13874,46861000000.0,2021.0,78948.0,Renewable power generation,NULL
OC_ACTOR_13875,2600000000.0,2021.0,8337.0,,NULL
OC_ACTOR_13907,27100000000.0,2020.0,73053.0,,NULL
OC_ACTOR_13918,20900000000.0,2020.0,101000.0,,NULL
OC_ACTOR_13919,10500000000.0,2021.0,13300.0,Discretionary retail,NULL
OC_ACTOR_13979,14906300000.0,2020.0,50200.0,,NULL
OC_ACTOR_14000,22100000000.0,2021.0,15157.0,,NULL
OC_ACTOR_14038,79821000000.0,2020.0,164727.0,,NULL
OC_ACTOR_14058,16141000000.0,2021.0,11660.0,Renewable power generation,NULL
OC_ACTOR_14083,20900000000.0,,72500.0,,NULL
OC_ACTOR_14087,6099999700.0,2021.0,10683.0,,NULL
OC_ACTOR_14114,13311000000.0,2020.0,51798.0,Electrical & electronic equipment,NULL
OC_ACTOR_14172,17999999000.0,2021.0,88000.0,,NULL
OC_ACTOR_14201,11800001000.0,2020.0,,,NULL
OC_ACTOR_14203,37500000000.0,2020.0,11300.0,,NULL
OC_ACTOR_14204,22300000000.0,,23293.0,,NULL
OC_ACTOR_14219,89907000000.0,2020.0,68253.0,Energy utility networks,NULL
OC_ACTOR_14259,67220000000.0,2021.0,171103.0,Thermal power generation,NULL
OC_ACTOR_14264,72500000000.0,2020.0,32053.0,Oil & gas processing,NULL
OC_ACTOR_14335,5500000300.0,2021.0,3904.0,"Media, telecommunications & data center services",NULL
OC_ACTOR_14336,60300000000.0,2020.0,21412.0,Oil & gas processing,NULL
OC_ACTOR_14346,23795000000.0,2019.0,99417.0,Electrical & electronic equipment,NULL
OC_ACTOR_14375,19500000000.0,,152954.0,,NULL
OC_ACTOR_14377,13799999000.0,2021.0,47700.0,,NULL
OC_ACTOR_14380,15800001000.0,2020.0,48000.0,,NULL
OC_ACTOR_14459,14700000000.0,,32423.0,Chemicals,NULL
OC_ACTOR_14496,256000000000.0,2022.0,74900.0,,NULL
OC_ACTOR_14505,70000000000.0,2020.0,,,NULL
OC_ACTOR_14541,20500000000.0,2021.0,56523.0,,NULL
OC_ACTOR_14560,69700000000.0,2021.0,239000.0,,NULL
OC_ACTOR_14580,6800000000.0,2020.0,18116.0,Construction,NULL
OC_ACTOR_14683,4600000000.0,2020.0,6400.0,,NULL
OC_ACTOR_14710,155000000000.0,2020.0,190000.0,,NULL
OC_ACTOR_14731,6099999700.0,2020.0,8191.0,,NULL
OC_ACTOR_14801,21700000000.0,2020.0,72332.0,Electrical & electronic equipment,NULL
OC_ACTOR_14804,13500000000.0,,51712.0,Print & publishing services,NULL
OC_ACTOR_14805,35700000000.0,2021.0,132138.0,IT & software development,NULL
OC_ACTOR_14860,18600000000.0,2021.0,6386.0,,NULL
OC_ACTOR_14872,16400000000.0,2020.0,129000.0,,NULL
OC_ACTOR_14905,14100000000.0,,43000.0,,NULL
OC_ACTOR_14918,99900000000.0,2020.0,205000.0,Powered machinery,NULL
OC_ACTOR_14919,16999999000.0,2020.0,35000.0,Food & beverage processing,NULL
OC_ACTOR_14920,122000000000.0,2021.0,,,NULL
OC_ACTOR_14976,22600000000.0,2021.0,11800.0,,NULL
OC_ACTOR_14983,6200000000.0,2019.0,14969.0,,NULL
OC_ACTOR_14992,43073000000.0,2020.0,99437.0,Biotech & pharma,NULL
OC_ACTOR_15279,6000000000.0,2020.0,11083.0,,NULL
OC_ACTOR_15284,83600000000.0,2020.0,,,NULL
OC_ACTOR_15287,8200000000.0,2020.0,34263.0,,NULL
OC_ACTOR_15298,15200000000.0,,138000.0,,NULL
OC_ACTOR_15355,24814000000.0,2020.0,11900.0,Discretionary retail,NULL
OC_ACTOR_15383,21700000000.0,2021.0,55000.0,,NULL
OC_ACTOR_15445,9700000000.0,2019.0,119000.0,,NULL
OC_ACTOR_15466,10800000000.0,2020.0,55047.0,,NULL
OC_ACTOR_15469,26800001000.0,2021.0,80425.0,,NULL
OC_ACTOR_15494,22513000000.0,2021.0,52450.0,,NULL
OC_ACTOR_15496,10000000000.0,,19000.0,,NULL
OC_ACTOR_15506,7699999700.0,,15417.0,,NULL
OC_ACTOR_15516,111454000000.0,2020.0,,,NULL
OC_ACTOR_15536,9500000000.0,,173000.0,,NULL
OC_ACTOR_15539,18600000000.0,,23555.0,,NULL
OC_ACTOR_15547,82000000000.0,2021.0,,Electrical & electronic equipment,NULL
OC_ACTOR_15566,28000000000.0,2020.0,6.0,,NULL
OC_ACTOR_15573,1800000000.0,,,Paper products & packaging,NULL
OC_ACTOR_15581,172800000000.0,2021.0,1000000.0,,NULL
OC_ACTOR_15583,142400000000.0,2020.0,219722.0,,NULL
OC_ACTOR_15588,36700000000.0,2021.0,113000.0,,NULL
OC_ACTOR_15603,9500000000.0,,18800.0,Food & beverage processing,NULL
OC_ACTOR_15666,5000000000.0,,55000.0,,NULL
OC_ACTOR_15681,31900000000.0,2021.0,,,NULL
OC_ACTOR_15694,40783000000.0,2020.0,34306.0,Thermal power generation,NULL
OC_ACTOR_15701,,2020.0,,,NULL
OC_ACTOR_15753,3600000000.0,2020.0,7700.0,,NULL
OC_ACTOR_15784,20500000000.0,2021.0,32300.0,Tobacco,NULL
OC_ACTOR_15821,31584000000.0,2020.0,176611.0,,NULL
OC_ACTOR_15837,12804000000.0,2020.0,204107.0,IT & software development,NULL
OC_ACTOR_15862,12500000000.0,2020.0,56079.0,,NULL
OC_ACTOR_15876,12199999000.0,2021.0,3117.0,,NULL
OC_ACTOR_15904,75700000000.0,2022.0,110800.0,,NULL
OC_ACTOR_15924,28548000000.0,2020.0,66034.0,,NULL
OC_ACTOR_15925,76500000000.0,2021.0,383800.0,,NULL
OC_ACTOR_15927,5100000300.0,2019.0,13600.0,Chemicals,NULL
OC_ACTOR_15931,22100000000.0,,51000.0,Paper products & packaging,NULL
OC_ACTOR_15938,10200001000.0,2021.0,54300.0,,NULL
OC_ACTOR_15948,6784000000.0,2021.0,9400.0,IT & software development,NULL
OC_ACTOR_15962,7299999700.0,,20054.0,,NULL
OC_ACTOR_16009,5500000300.0,2006.0,26147.0,,NULL
OC_ACTOR_16036,36831000000.0,2020.0,111900.0,Convenience retail,NULL
OC_ACTOR_16054,12999999000.0,2022.0,48000.0,,NULL
OC_ACTOR_16063,13600000000.0,2020.0,34003.0,,NULL
OC_ACTOR_16064,20000000000.0,2020.0,61975.0,,NULL
OC_ACTOR_16073,51800000000.0,2021.0,242000.0,,NULL
OC_ACTOR_16092,20900000000.0,,115428.0,,NULL
OC_ACTOR_16128,82800000000.0,2021.0,132200.0,Biotech & pharma,NULL
OC_ACTOR_16129,24100000000.0,2021.0,104000.0,,NULL
OC_ACTOR_16131,,2021.0,,,NULL
OC_ACTOR_16156,11000001000.0,,11619.0,,NULL
OC_ACTOR_16207,2900000000.0,2021.0,7040.0,,NULL
OC_ACTOR_16208,13700000000.0,2020.0,33603.0,Chemicals,NULL
OC_ACTOR_16226,15000001000.0,2017.0,35691.0,,NULL
OC_ACTOR_16255,13500000000.0,2020.0,31000.0,Food & beverage processing,NULL
OC_ACTOR_16270,17778000000.0,2020.0,38068.0,,NULL
OC_ACTOR_16271,8099999700.0,2021.0,26000.0,,NULL
OC_ACTOR_16273,12065000000.0,2020.0,25168.0,Convenience retail,NULL
OC_ACTOR_16276,11200000000.0,2018.0,25500.0,,NULL
OC_ACTOR_16299,18800001000.0,2020.0,40000.0,,NULL
OC_ACTOR_16313,14900000000.0,2021.0,77300.0,Discretionary retail,NULL
OC_ACTOR_16315,5215000000.0,2021.0,15000.0,Other materials,NULL
OC_ACTOR_16317,11300000000.0,,30506.0,,NULL
OC_ACTOR_16318,17918546.0,2020.0,31151.0,Food & beverage processing,NULL
OC_ACTOR_16355,20000000000.0,2021.0,122000.0,,NULL
OC_ACTOR_16360,23200000000.0,2021.0,61908.0,,NULL
OC_ACTOR_16364,11100000000.0,2020.0,59825.0,,NULL
OC_ACTOR_16372,6155000000.0,2020.0,11248.0,"Media, telecommunications & data center services",NULL
OC_ACTOR_16417,21048000000.0,2020.0,83161.0,,NULL
OC_ACTOR_16431,14700000000.0,2020.0,,,NULL
OC_ACTOR_16474,3900000000.0,,7600.0,,NULL
OC_ACTOR_16498,20800000000.0,2021.0,44332.0,,NULL
OC_ACTOR_16502,11900000000.0,2020.0,50000.0,Entertainment facilities,NULL
OC_ACTOR_16505,10100000000.0,2020.0,41729.0,,NULL
OC_ACTOR_16560,7411999700.0,2020.0,34955.0,Metal products manufacturing,NULL
OC_ACTOR_16566,11000001000.0,2021.0,,,NULL
OC_ACTOR_16567,51800000000.0,2020.0,57000.0,Electrical & electronic equipment,NULL
OC_ACTOR_16583,24600000000.0,,20162.0,,NULL
OC_ACTOR_16584,52500000000.0,,40110.0,Electrical & electronic equipment,NULL
OC_ACTOR_16586,5200000000.0,2019.0,172.0,,NULL
OC_ACTOR_16592,11500000000.0,2021.0,20200.0,"Media, telecommunications & data center services",NULL
OC_ACTOR_16669,16999999000.0,2020.0,62940.0,,NULL
OC_ACTOR_16714,5100000300.0,,32873.0,,NULL
OC_ACTOR_16722,33436000000.0,2020.0,87974.0,,NULL
OC_ACTOR_16742,72100000000.0,2020.0,320000.0,Discretionary retail,NULL
OC_ACTOR_16755,40800002000.0,,138353.0,Air transport,NULL
OC_ACTOR_16762,4000000000.0,2021.0,19000.0,,NULL
OC_ACTOR_16773,10000000000.0,,137284.0,,NULL
OC_ACTOR_16774,60100000000.0,,32680.0,,NULL
OC_ACTOR_16826,61787000000.0,2021.0,85375.0,Marine transport,NULL
OC_ACTOR_16839,39400000000.0,2021.0,165000.0,,NULL
OC_ACTOR_16849,14510000000.0,2020.0,240000.0,,NULL
OC_ACTOR_16921,20400001000.0,2020.0,28000.0,,NULL
OC_ACTOR_16955,13100000000.0,2021.0,78743.0,Convenience retail,NULL
OC_ACTOR_16964,21000000000.0,2020.0,174000.0,,NULL
OC_ACTOR_16972,2700000000.0,,5633.0,,NULL
OC_ACTOR_16982,16999999000.0,2020.0,18600.0,Specialized professional services,NULL
OC_ACTOR_17019,5299999700.0,2021.0,12400.0,,NULL
OC_ACTOR_17024,20800000000.0,2021.0,205000.0,,NULL
OC_ACTOR_17036,224900000000.0,,80000.0,,NULL
OC_ACTOR_17067,11500000000.0,2021.0,17608.0,Food & beverage processing,NULL
OC_ACTOR_17086,47900000000.0,2021.0,71000.0,,NULL
OC_ACTOR_17116,29800000000.0,,97606.0,,NULL
OC_ACTOR_17127,3000000000.0,2020.0,16200.0,,NULL
OC_ACTOR_17137,12000000000.0,2020.0,70000.0,Entertainment facilities,NULL
OC_ACTOR_17148,27000000000.0,2020.0,121300.0,,NULL
OC_ACTOR_17155,125843000000.0,2020.0,144000.0,,NULL
OC_ACTOR_17222,34100000000.0,2021.0,72020.0,Chemicals,NULL
OC_ACTOR_17223,140800000000.0,2020.0,79994.0,,NULL
OC_ACTOR_17224,41300000000.0,2019.0,145817.0,Electrical & electronic equipment,NULL
OC_ACTOR_17225,11200000000.0,2019.0,9439.0,,NULL
OC_ACTOR_17227,12500000000.0,2020.0,17743.0,Chemicals,NULL
OC_ACTOR_17228,17500000000.0,2021.0,19081.0,,NULL
OC_ACTOR_17264,10400000000.0,2020.0,17700.0,Food & beverage processing,NULL
OC_ACTOR_17267,25999999000.0,2021.0,80000.0,,NULL
OC_ACTOR_17268,8099999700.0,2020.0,25869.0,,NULL
OC_ACTOR_17284,4829000000.0,2020.0,11081.0,,NULL
OC_ACTOR_17304,7900000300.0,2021.0,17000.0,Electrical & electronic equipment,NULL
OC_ACTOR_17312,4600000000.0,2020.0,14866.0,Fish & animal farming,NULL
OC_ACTOR_17325,1600000000.0,2022.0,3396.0,,NULL
OC_ACTOR_17335,10500000000.0,2021.0,18931.0,,NULL
OC_ACTOR_17358,14000000000.0,,77571.0,,NULL
OC_ACTOR_17417,4600000000.0,2018.0,4361.0,,NULL
OC_ACTOR_17428,19279999000.0,2020.0,,Energy utility networks,NULL
OC_ACTOR_17449,24200000000.0,2020.0,11847.0,,NULL
OC_ACTOR_17463,28000000000.0,2020.0,110595.0,IT & software development,NULL
OC_ACTOR_17487,93400000000.0,2020.0,291000.0,,NULL
OC_ACTOR_17499,5600000000.0,,10500.0,,NULL
OC_ACTOR_17500,21400000000.0,2021.0,8600.0,,NULL
OC_ACTOR_17532,7600000000.0,2021.0,45000.0,,NULL
OC_ACTOR_17541,9700000000.0,2020.0,31600.0,,NULL
OC_ACTOR_17544,10074000000.0,2020.0,28000.0,Print & publishing services,NULL
OC_ACTOR_17553,5400000000.0,2021.0,28545.0,,NULL
OC_ACTOR_17572,39117000000.0,2021.0,76700.0,Textiles & fabric goods,NULL
OC_ACTOR_17581,6300000300.0,,25970.0,,NULL
OC_ACTOR_17583,109600000000.0,2021.0,303351.0,,NULL
OC_ACTOR_17589,96300000000.0,2021.0,140564.0,,NULL
OC_ACTOR_17604,26096001000.0,2020.0,98322.0,,NULL
OC_ACTOR_17611,4899999700.0,2021.0,,,NULL
OC_ACTOR_17623,15500000000.0,,68000.0,,NULL
OC_ACTOR_17671,48600000000.0,2021.0,103914.0,Biotech & pharma,NULL
OC_ACTOR_17679,18300000000.0,2021.0,43258.0,Biotech & pharma,NULL
OC_ACTOR_17681,2200000000.0,2020.0,6125.0,Chemicals,NULL
OC_ACTOR_17687,9871000000.0,2019.0,4577.0,,NULL
OC_ACTOR_17704,20000000000.0,2021.0,22300.0,,NULL
OC_ACTOR_17732,18500000000.0,2020.0,14400.0,,NULL
OC_ACTOR_17786,586000000.0,,2248.0,,NULL
OC_ACTOR_17787,24185000000.0,2020.0,87600.0,"Trading, wholesale, distribution, rental & leasing",NULL
OC_ACTOR_17788,12199999000.0,2022.0,28313.0,,NULL
OC_ACTOR_17803,7400000000.0,2021.0,35124.0,,NULL
OC_ACTOR_17811,26300000000.0,2020.0,19845.0,Oil & gas processing,NULL
OC_ACTOR_17848,2667000000.0,2020.0,3555.0,Biotech & pharma,NULL
OC_ACTOR_17880,39800000000.0,2021.0,136000.0,,NULL
OC_ACTOR_17881,47275000000.0,2019.0,146768.0,,NULL
OC_ACTOR_17903,9600000000.0,2020.0,5360.0,,NULL
OC_ACTOR_17907,5000000000.0,2021.0,18348.0,,NULL
OC_ACTOR_17911,8999999000.0,2020.0,,,NULL
OC_ACTOR_17930,12800000000.0,,32992.0,,NULL
OC_ACTOR_17949,11100000000.0,2021.0,49500.0,,NULL
OC_ACTOR_17974,24300000000.0,2021.0,27000.0,,NULL
OC_ACTOR_18004,3100000000.0,2021.0,7014.0,,NULL
OC_ACTOR_18007,70400000000.0,2021.0,271869.0,Electrical & electronic equipment,NULL
OC_ACTOR_18109,67161000000.0,2021.0,267000.0,Food & beverage processing,NULL
OC_ACTOR_18124,10599999000.0,2021.0,19140.0,Food & beverage processing,NULL
OC_ACTOR_18126,4700000300.0,2021.0,5285.0,,NULL
OC_ACTOR_18138,78900000000.0,,57983.0,,NULL
OC_ACTOR_18141,50700000000.0,2022.0,88300.0,Biotech & pharma,NULL
OC_ACTOR_18142,17100000000.0,2020.0,23000.0,Energy utility networks,NULL
OC_ACTOR_18151,28000000000.0,2020.0,,Tobacco,NULL
OC_ACTOR_18153,21805000000.0,2021.0,80495.0,Medical equipment & supplies,NULL
OC_ACTOR_18157,6315456.0,2020.0,,,NULL
OC_ACTOR_18188,6000000000.0,2020.0,31575.0,,NULL
OC_ACTOR_18199,14800000000.0,,,,NULL
OC_ACTOR_18292,36700000000.0,,118523.0,Intermodal transport & logistics,NULL
OC_ACTOR_18365,70300000000.0,2021.0,97000.0,,NULL
OC_ACTOR_18420,12900000000.0,,28714.0,Electrical & electronic equipment,NULL
OC_ACTOR_18438,71500000000.0,2020.0,,,NULL
OC_ACTOR_18439,13300000000.0,2020.0,,,NULL
OC_ACTOR_18443,9500000000.0,2021.0,7130.0,,NULL
OC_ACTOR_18444,12300000000.0,2019.0,75588.0,,NULL
OC_ACTOR_18483,9900000000.0,2019.0,21500.0,,NULL
OC_ACTOR_18518,24700000000.0,2021.0,37000.0,,NULL
OC_ACTOR_18582,11600000000.0,,20053.0,,NULL
OC_ACTOR_18583,6159800.0,2020.0,24900.0,,NULL
OC_ACTOR_18590,26500000000.0,,37930.0,,NULL
OC_ACTOR_18638,16000000000.0,2021.0,43500.0,Chemicals,NULL
OC_ACTOR_18658,2200000000.0,2019.0,2056.0,,NULL
OC_ACTOR_18712,84799996000.0,2021.0,194056.0,,NULL
OC_ACTOR_18715,10000000000.0,2021.0,33200.0,,NULL
OC_ACTOR_18722,62200000000.0,2021.0,179565.0,,NULL
OC_ACTOR_18739,55199998000.0,2020.0,24634.0,Oil & gas processing,NULL
OC_ACTOR_18741,10300000000.0,,36000.0,Non-energy utilities,NULL
OC_ACTOR_18759,5600000000.0,2021.0,6300.0,,NULL
OC_ACTOR_18785,15399999000.0,,27000.0,"Trading, wholesale, distribution, rental & leasing",NULL
OC_ACTOR_18797,18509000000.0,2021.0,92663.0,Electrical & electronic equipment,NULL
OC_ACTOR_18812,43200000000.0,2020.0,46007.0,,NULL
OC_ACTOR_18865,21161000000.0,2021.0,50000.0,,NULL
OC_ACTOR_18900,421105000000.0,2020.0,,Oil & gas processing,NULL
OC_ACTOR_18938,14700000000.0,2021.0,19792.0,Energy utility networks,NULL
OC_ACTOR_18947,6899999700.0,2021.0,22500.0,Specialized professional services,NULL
OC_ACTOR_18969,2528000000.0,2018.0,6323.0,,NULL
OC_ACTOR_18974,28100000000.0,2020.0,95443.0,Powered machinery,NULL
OC_ACTOR_18985,47650000000.0,2020.0,170639.0,,NULL
OC_ACTOR_18996,17100000000.0,2022.0,49000.0,,NULL
OC_ACTOR_19034,10599999000.0,,40235.0,,NULL
OC_ACTOR_19036,40400000000.0,2020.0,100409.0,,NULL
OC_ACTOR_19050,30839000000.0,2022.0,100330.0,IT & software development,NULL
OC_ACTOR_19066,13799999000.0,2021.0,31429.0,Chemicals,NULL
OC_ACTOR_19074,329800000000.0,2021.0,69867.0,,NULL
OC_ACTOR_19075,14599999000.0,2019.0,,,NULL
OC_ACTOR_19106,11300000000.0,2020.0,66306.0,,NULL
OC_ACTOR_19108,30397000000.0,2020.0,135307.0,,NULL
OC_ACTOR_19146,10400000000.0,,40500.0,,NULL
OC_ACTOR_19160,,,,,NULL
OC_ACTOR_19179,10400000000.0,2020.0,,,NULL
OC_ACTOR_19180,22100000000.0,2021.0,27397.0,Construction,NULL
OC_ACTOR_19219,3700000000.0,2021.0,10371.0,,NULL
OC_ACTOR_19231,61000000000.0,2020.0,53993.0,,NULL
OC_ACTOR_19239,6600000000.0,2018.0,92661.0,,NULL
OC_ACTOR_19248,21900000000.0,2020.0,54156.0,,NULL
OC_ACTOR_19265,16100000000.0,2021.0,16184.0,Construction,NULL
OC_ACTOR_19269,3200000000.0,,5233.0,,NULL
OC_ACTOR_19271,10400000000.0,2020.0,40000.0,Chemicals,NULL
OC_ACTOR_19288,13900000000.0,2020.0,,,NULL
OC_ACTOR_19298,97937000000.0,2021.0,385000.0,,NULL
OC_ACTOR_19345,12500000000.0,2020.0,25000.0,,NULL
OC_ACTOR_19364,23200000000.0,2021.0,28244.0,Electrical & electronic equipment,NULL
OC_ACTOR_19368,15200000000.0,,5425.0,,NULL
OC_ACTOR_19371,18370000000.0,2021.0,33585.0,Construction,NULL
OC_ACTOR_19373,8900000000.0,2020.0,43360.0,,NULL
OC_ACTOR_19436,10100000000.0,,46000.0,,NULL
OC_ACTOR_19438,2900000000.0,,3016.0,,NULL
OC_ACTOR_19439,1900000000.0,2021.0,3195.0,,NULL
OC_ACTOR_19474,25157000000.0,2020.0,470237.0,"Bars, hotels & restaurants",NULL
OC_ACTOR_19523,12600001000.0,2020.0,24155.0,Chemicals,NULL
OC_ACTOR_19533,75900000000.0,2020.0,114000.0,,NULL
OC_ACTOR_19600,2400000000.0,,5800.0,,NULL
OC_ACTOR_19606,7600000000.0,,2960.0,,NULL
OC_ACTOR_19629,8600001000.0,2022.0,21000.0,Renewable power generation,NULL
OC_ACTOR_19641,14200001000.0,2020.0,59438.0,,NULL
OC_ACTOR_19646,16447800000.0,2020.0,,,NULL
OC_ACTOR_19673,121100000000.0,,191752.0,,NULL
OC_ACTOR_19691,9700000000.0,2021.0,45554.0,,NULL
OC_ACTOR_19705,10700000000.0,2021.0,25141.0,,NULL
OC_ACTOR_19760,20700000000.0,,31837.0,Chemicals,NULL
OC_ACTOR_19761,28900000000.0,2021.0,272796.0,,NULL
OC_ACTOR_19766,9300000000.0,,13000.0,,NULL
OC_ACTOR_19780,11900000000.0,2021.0,24213.0,Food & beverage processing,NULL
OC_ACTOR_19865,1600000000.0,2019.0,6712.0,,NULL
OC_ACTOR_19880,11482000000.0,,19300.0,,NULL
OC_ACTOR_19935,15900000000.0,2021.0,14433.0,Construction,NULL
OC_ACTOR_19940,29700000000.0,2021.0,49578.0,,NULL
OC_ACTOR_19979,78100000000.0,2021.0,368000.0,Convenience retail,NULL
OC_ACTOR_19985,40500000000.0,,82797.0,Transportation equipment,NULL
OC_ACTOR_19987,21100000000.0,,75294.0,,NULL
OC_ACTOR_20019,23800000000.0,,235000.0,,NULL
OC_ACTOR_20032,15000001000.0,2020.0,,IT & software development,NULL
OC_ACTOR_20057,20100000000.0,,55198.0,"Media, telecommunications & data center services",NULL
OC_ACTOR_20059,2600000000.0,,14400.0,,NULL
OC_ACTOR_20060,54197000000.0,2019.0,113819.0,,NULL
OC_ACTOR_20063,,2020.0,,,NULL
OC_ACTOR_20066,6000000000.0,,331065.0,,NULL
OC_ACTOR_20068,9100000000.0,2020.0,200.0,,NULL
OC_ACTOR_20073,15000001000.0,2020.0,,,NULL
OC_ACTOR_20074,,2020.0,,,NULL
OC_ACTOR_20077,54600000000.0,2021.0,62885.0,,NULL
OC_ACTOR_20088,2600000000.0,,4290.0,Energy utility networks,NULL
OC_ACTOR_20094,5699999700.0,2020.0,25378.0,Medical equipment & supplies,NULL
OC_ACTOR_20097,82700000000.0,2021.0,293963.0,Convenience retail,NULL
OC_ACTOR_20098,25999999000.0,,48016.0,,NULL
OC_ACTOR_20114,20600000000.0,,82605.0,Electrical & electronic equipment,NULL
OC_ACTOR_20154,37200000000.0,2020.0,,Food & beverage processing,NULL
OC_ACTOR_20217,8000000000.0,2021.0,16140.0,,NULL
OC_ACTOR_20221,110200000000.0,2020.0,415700.0,Discretionary retail,NULL
OC_ACTOR_20239,28200000000.0,2020.0,79886.0,,NULL
OC_ACTOR_20326,58900000000.0,2021.0,41086.0,,NULL
OC_ACTOR_20353,25600000000.0,2021.0,75000.0,,NULL
OC_ACTOR_20373,5900000300.0,2021.0,24400.0,,NULL
OC_ACTOR_20389,44700000000.0,2020.0,162372.0,Commercial & consumer services,NULL
OC_ACTOR_20398,4424000000.0,2020.0,14100.0,Discretionary retail,NULL
OC_ACTOR_20448,10700000000.0,2020.0,23637.0,,NULL
OC_ACTOR_20449,8400000000.0,2021.0,21976.0,,NULL
OC_ACTOR_20479,32200000000.0,2020.0,128697.0,Electrical & electronic equipment,NULL
OC_ACTOR_20481,176249000000.0,2020.0,,,NULL
OC_ACTOR_20501,280500000000.0,2020.0,370870.0,Transportation equipment,NULL
OC_ACTOR_20522,16599000000.0,2020.0,50000.0,,NULL
OC_ACTOR_20543,103000.0,2020.0,6.0,,NULL
OC_ACTOR_20617,21600000000.0,2020.0,71473.0,,NULL
OC_ACTOR_20647,3500000000.0,,4900.0,,NULL
OC_ACTOR_20653,43100000000.0,2021.0,141000.0,Food & beverage processing,NULL
OC_ACTOR_20657,14150000000.0,2020.0,22000.0,,NULL
OC_ACTOR_20662,5500000300.0,2021.0,7606.0,Biotech & pharma,NULL
OC_ACTOR_20697,6600000000.0,2020.0,16304.0,Paper products & packaging,NULL
OC_ACTOR_20703,58179000000.0,2021.0,149867.0,Chemicals,NULL
OC_ACTOR_20712,41600000000.0,2020.0,96000.0,Air transport,NULL
OC_ACTOR_20717,2300000000.0,2020.0,9300.0,Non-energy utilities,NULL
OC_ACTOR_20746,10900000000.0,2021.0,18742.0,Wood & paper materials,NULL
OC_ACTOR_20750,74800000000.0,2021.0,495000.0,Intermodal transport & logistics,NULL
OC_ACTOR_20802,36200000000.0,2020.0,71149.0,Metallic mineral mining,NULL
OC_ACTOR_20803,21800000000.0,,114700.0,,NULL
OC_ACTOR_20861,30400000000.0,2020.0,178780.0,Non-energy utilities,NULL
OC_ACTOR_20863,8800000000.0,,46492.0,,NULL
OC_ACTOR_20871,4400000000.0,2020.0,2843.0,,NULL
OC_ACTOR_20881,131868000000.0,2021.0,135000.0,"Media, telecommunications & data center services",NULL
OC_ACTOR_20894,13374870000.0,2020.0,,,NULL
OC_ACTOR_20901,13870600000.0,2020.0,75000.0,,NULL
OC_ACTOR_20906,18100000000.0,2021.0,23990.0,,NULL
OC_ACTOR_20932,54600000000.0,2020.0,192282.0,Construction,NULL
OC_ACTOR_20948,23500000000.0,2021.0,19500.0,,NULL
OC_ACTOR_20961,11500000000.0,2020.0,5475.0,,NULL
OC_ACTOR_20973,,2020.0,,,NULL
OC_ACTOR_20982,10200001000.0,2020.0,31000.0,IT & software development,NULL
OC_ACTOR_20985,49960000000.0,2022.0,95219.0,"Media, telecommunications & data center services",NULL
OC_ACTOR_20990,252000000000.0,2021.0,671205.0,Transportation equipment,NULL
OC_ACTOR_20991,30769000000.0,2020.0,103985.0,,NULL
OC_ACTOR_21024,559200000000.0,2020.0,,,NULL
OC_ACTOR_21044,15500000000.0,2020.0,44900.0,Non-energy utilities,NULL
OC_ACTOR_21104,19900000000.0,2020.0,105000.0,,NULL
OC_ACTOR_21117,16100000000.0,2021.0,61800.0,,NULL
OC_ACTOR_21120,18400000000.0,2020.0,51100.0,,NULL
OC_ACTOR_21125,6600000000.0,2021.0,9400.0,Wood & paper materials,NULL
OC_ACTOR_21135,20000000000.0,2021.0,77000.0,,NULL
OC_ACTOR_21196,8606000000.0,,164659.0,,NULL
OC_ACTOR_21221,43000000000.0,2021.0,196000.0,,NULL
OC_ACTOR_21226,3600000000.0,2020.0,10000.0,,NULL
OC_ACTOR_21234,35999998000.0,2020.0,5500.0,,NULL
OC_ACTOR_21247,1400000000.0,2020.0,,,NULL
OC_ACTOR_21269,26800001000.0,,307444.0,,NULL
OC_ACTOR_21272,8800000000.0,2020.0,27000.0,Electrical & electronic equipment,NULL
OC_ACTOR_21273,50100000000.0,,18540.0,,NULL
OC_ACTOR_21288,15300000000.0,2021.0,55255.0,,NULL
OC_ACTOR_21294,12900000000.0,2020.0,16033.0,,NULL
OC_ACTOR_21335,8200000000.0,2021.0,450000.0,,NULL
OC_ACTOR_21336,,2021.0,,,NULL
OC_ACTOR_21348,7299999700.0,2019.0,13763.0,Discretionary retail,NULL
OC_ACTOR_21405,6300000300.0,2021.0,10600.0,,NULL
OC_ACTOR_21435,9700000000.0,,38472.0,,NULL
OC_ACTOR_21446,29500000000.0,,23757.0,,NULL
OC_ACTOR_21452,22000001000.0,2021.0,11729.0,,NULL
OC_ACTOR_21460,148700000000.0,2021.0,464011.0,,NULL
OC_ACTOR_21474,1600000000.0,2015.0,439.0,,NULL
OC_ACTOR_21481,122400000000.0,2021.0,147268.0,,NULL
OC_ACTOR_21482,3400000000.0,2020.0,9520.0,,NULL
OC_ACTOR_21491,46800000000.0,2021.0,64500.0,Financial services,NULL
OC_ACTOR_21493,50100000000.0,2021.0,46000.0,,NULL
OC_ACTOR_21496,15300000000.0,2020.0,6500.0,,NULL
OC_ACTOR_21504,23900000000.0,2021.0,39060.0,,NULL
OC_ACTOR_21506,11000001000.0,2020.0,50000.0,,NULL
OC_ACTOR_21533,9300000000.0,,4622.0,,NULL
OC_ACTOR_21535,91900000000.0,2021.0,71936.0,,NULL
OC_ACTOR_21547,2300000000.0,2021.0,3122.0,,NULL
OC_ACTOR_21551,89500000000.0,2020.0,31181.0,,NULL
OC_ACTOR_21553,150000000000.0,2020.0,99843.0,Financial services,NULL
OC_ACTOR_21556,11300000000.0,,61940.0,,NULL
OC_ACTOR_21571,62000000000.0,2019.0,97321.0,,NULL
OC_ACTOR_21580,42000000000.0,2020.0,96889.0,,NULL
OC_ACTOR_21582,51999998000.0,2021.0,95000.0,,NULL
OC_ACTOR_21587,7600000000.0,2020.0,24454.0,,NULL
OC_ACTOR_21588,89200000000.0,2021.0,196419.0,Financial services,NULL
OC_ACTOR_21591,7000000000.0,2020.0,31075.0,,NULL
OC_ACTOR_21599,112100000000.0,2021.0,208000.0,Financial services,NULL
OC_ACTOR_21600,17900000000.0,,14760.0,,NULL
OC_ACTOR_21601,4200000000.0,,7411.0,,NULL
OC_ACTOR_21602,135400000000.0,2021.0,311133.0,,NULL
OC_ACTOR_21603,66600000000.0,2021.0,88906.0,,NULL
OC_ACTOR_21607,4200000000.0,,6474.0,,NULL
OC_ACTOR_21608,2800000000.0,,,,NULL
OC_ACTOR_21610,3600000000.0,,35675.0,,NULL
OC_ACTOR_21611,7100000300.0,,10440.0,,NULL
OC_ACTOR_21612,13799999000.0,,15026.0,,NULL
OC_ACTOR_21613,2600000000.0,,3834.0,,NULL
OC_ACTOR_21615,29100000000.0,2021.0,45513.0,Financial services,NULL
OC_ACTOR_21616,8700000000.0,,10721.0,,NULL
OC_ACTOR_21617,8600001000.0,,17337.0,,NULL
OC_ACTOR_21618,34800000000.0,2021.0,101813.0,,NULL
OC_ACTOR_21622,3900000000.0,,5139.0,,NULL
OC_ACTOR_21626,4000000000.0,2020.0,16035.0,,NULL
OC_ACTOR_21627,2600000000.0,2021.0,8531.0,Financial services,NULL
OC_ACTOR_21631,1200000000.0,2020.0,1921.0,,NULL
OC_ACTOR_21632,2500000000.0,,7670.0,Financial services,NULL
OC_ACTOR_21635,28800000000.0,2020.0,80800.0,Financial services,NULL
OC_ACTOR_21647,38300000000.0,2020.0,126973.0,,NULL
OC_ACTOR_21650,4300000300.0,,34000.0,,NULL
OC_ACTOR_21669,15100000000.0,2021.0,16200.0,Financial services,NULL
OC_ACTOR_21681,128000000000.0,2021.0,202876.0,,NULL
OC_ACTOR_21684,20800000000.0,2020.0,48400.0,,NULL
OC_ACTOR_21691,3000000000.0,2020.0,760.0,,NULL
OC_ACTOR_21693,3000000000.0,,13998.0,,NULL
OC_ACTOR_21697,47600000000.0,2021.0,293752.0,,NULL
OC_ACTOR_21700,,,,,NULL
OC_ACTOR_21715,69100000000.0,2020.0,151900.0,,NULL
OC_ACTOR_21736,11300000000.0,2022.0,35736.0,Financial services,NULL
OC_ACTOR_21747,21600000000.0,2021.0,45157.0,,NULL
OC_ACTOR_21754,31100000000.0,2020.0,51900.0,,NULL
OC_ACTOR_21768,24200000000.0,2020.0,56764.0,,NULL
OC_ACTOR_21787,162100000000.0,2020.0,352621.0,,NULL
OC_ACTOR_21789,12400000000.0,2021.0,12506.0,,NULL
OC_ACTOR_21790,35600000000.0,,45618.0,,NULL
OC_ACTOR_21791,6300000300.0,2018.0,11370.0,,NULL
OC_ACTOR_21794,13400001000.0,,15077.0,,NULL
OC_ACTOR_21803,33999999000.0,2020.0,33000.0,,NULL
OC_ACTOR_21811,7400000000.0,,35265.0,,NULL
OC_ACTOR_21812,104400000000.0,2021.0,200000.0,,NULL
OC_ACTOR_21820,46600000000.0,2020.0,5353.0,,NULL
OC_ACTOR_21826,3600000000.0,2020.0,7948.0,,NULL
OC_ACTOR_21830,2800000000.0,2019.0,6900.0,Financial services,NULL
OC_ACTOR_21831,14500000000.0,,48512.0,Financial services,NULL
OC_ACTOR_21832,27300000000.0,2020.0,48238.0,,NULL
OC_ACTOR_21847,1400000000.0,2021.0,937.0,,NULL
OC_ACTOR_21851,74300000000.0,2021.0,75423.0,,NULL
OC_ACTOR_21856,32800000000.0,,47860.0,,NULL
OC_ACTOR_21859,14100000000.0,2017.0,20334.0,,NULL
OC_ACTOR_21864,62600000000.0,2019.0,62938.0,,NULL
OC_ACTOR_21866,6499999700.0,2020.0,15196.0,,NULL
OC_ACTOR_21871,16000000000.0,,22006.0,,NULL
OC_ACTOR_21875,14500000000.0,2020.0,28000.0,,NULL
OC_ACTOR_21890,37700000000.0,2020.0,87597.0,,NULL
OC_ACTOR_21904,3200000000.0,2020.0,1550.0,Financial services,NULL
OC_ACTOR_21909,9700000000.0,2020.0,9336.0,,NULL
OC_ACTOR_21947,11200000000.0,,47284.0,,NULL
OC_ACTOR_21959,2900000000.0,,8617.0,,NULL
OC_ACTOR_21972,122800000000.0,,7500.0,,NULL
OC_ACTOR_21977,8999999000.0,2020.0,19869.0,,NULL
OC_ACTOR_21985,8900000000.0,,,,NULL
OC_ACTOR_21989,7500000300.0,2021.0,48780.0,,NULL
OC_ACTOR_22008,79300000000.0,2021.0,6871.0,,NULL
OC_ACTOR_22027,1100000000.0,2030.0,513.0,,NULL
OC_ACTOR_22038,53900000000.0,2020.0,38300.0,,NULL
OC_ACTOR_22067,11000001000.0,2020.0,21878.0,,NULL
OC_ACTOR_22079,28300000000.0,,128.0,,NULL
OC_ACTOR_22092,4800000000.0,,6941.0,,NULL
OC_ACTOR_22096,20700000000.0,2021.0,98000.0,,NULL
OC_ACTOR_22099,10599999000.0,,6829.0,,NULL
OC_ACTOR_22117,67200000000.0,2020.0,235000.0,,NULL
OC_ACTOR_22121,21300000000.0,2021.0,41283.0,,NULL
OC_ACTOR_22122,7900000300.0,,9499.0,,NULL
OC_ACTOR_22132,177200000000.0,,449296.0,,NULL
OC_ACTOR_22144,5000000000.0,,27739.0,,NULL
OC_ACTOR_22145,50200000000.0,2021.0,63044.0,,NULL
OC_ACTOR_22147,13799999000.0,,13520.0,,NULL
OC_ACTOR_22153,20500000000.0,2021.0,56196.0,,NULL
OC_ACTOR_22154,412000000.0,2020.0,200.0,,NULL
OC_ACTOR_22158,5500000300.0,2020.0,,Financial services,NULL
OC_ACTOR_22164,41300000000.0,2021.0,88682.0,,NULL
OC_ACTOR_22169,6499999700.0,2021.0,8821.0,,NULL
OC_ACTOR_22174,5800000000.0,2020.0,10573.0,,NULL
OC_ACTOR_22184,1300000000.0,,112000.0,,NULL
OC_ACTOR_22193,112300000000.0,2021.0,245922.0,Financial services,NULL
OC_ACTOR_22196,2000000000.0,,80.0,,NULL
OC_ACTOR_22206,142900000000.0,2020.0,256981.0,,NULL
OC_ACTOR_22214,37300000000.0,2019.0,183.0,,NULL
OC_ACTOR_22215,14900000000.0,2020.0,37629.0,,NULL
OC_ACTOR_22223,7600000000.0,,17045.0,,NULL
OC_ACTOR_22230,1800000000.0,2020.0,1101.0,Financial services,NULL
OC_ACTOR_22256,85200000000.0,2020.0,10971.0,,NULL
OC_ACTOR_22265,17200001000.0,2020.0,11357.0,,NULL
OC_ACTOR_22267,1300000000.0,2021.0,955.0,,NULL
OC_ACTOR_22271,64300000000.0,2021.0,77754.0,Financial services,NULL
OC_ACTOR_22287,3000000000.0,2021.0,4965.0,,NULL
OC_ACTOR_22297,41700000000.0,2020.0,,,NULL
OC_ACTOR_22301,11500000000.0,2021.0,15715.0,Financial services,NULL
OC_ACTOR_22314,58300000000.0,2020.0,35000.0,,NULL
OC_ACTOR_22315,24500000000.0,2020.0,35390.0,Financial services,NULL
OC_ACTOR_22329,3400000000.0,,4576.0,,NULL
OC_ACTOR_22337,69000000000.0,2020.0,49000.0,,NULL
OC_ACTOR_22350,3900000000.0,,4557.0,,NULL
OC_ACTOR_22357,60100000000.0,2021.0,119390.0,,NULL
OC_ACTOR_22360,65500000000.0,2021.0,43993.0,,NULL
OC_ACTOR_22361,35900000000.0,2020.0,59132.0,,NULL
OC_ACTOR_22370,53000000000.0,2020.0,60431.0,Financial services,NULL
OC_ACTOR_22375,50600000000.0,2021.0,41467.0,,NULL
OC_ACTOR_22381,36100000000.0,2020.0,39662.0,,NULL
OC_ACTOR_22393,21400000000.0,2020.0,34370.0,,NULL
OC_ACTOR_22395,8999999000.0,2021.0,25487.0,,NULL
OC_ACTOR_22397,1300000000.0,,1864.0,,NULL
OC_ACTOR_22406,33500000000.0,,19639.0,,NULL
OC_ACTOR_22410,7600000000.0,2010.0,29403.0,,NULL
OC_ACTOR_22437,18900000000.0,2020.0,14971.0,,NULL
OC_ACTOR_22441,19100000000.0,2021.0,27864.0,,NULL
OC_ACTOR_22445,12999999000.0,2021.0,30399.0,,NULL
OC_ACTOR_22456,6899999700.0,,19800.0,,NULL
OC_ACTOR_22486,21300000000.0,,31890.0,,NULL
OC_ACTOR_22501,17500000000.0,2021.0,23200.0,,NULL
OC_ACTOR_22541,4800000000.0,2021.0,27708.0,,NULL
OC_ACTOR_22544,21500000000.0,2020.0,51918.0,,NULL
OC_ACTOR_22555,17100000000.0,2020.0,17601.0,,NULL
OC_ACTOR_22559,39100000000.0,2021.0,41571.0,,NULL
OC_ACTOR_22560,3500000000.0,2018.0,,Financial services,NULL
OC_ACTOR_22567,64900000000.0,2021.0,51511.0,Financial services,NULL
OC_ACTOR_22570,15900000000.0,,,,NULL
OC_ACTOR_22572,12199999000.0,2022.0,11704.0,,NULL
OC_ACTOR_22583,5299999700.0,2020.0,47173.0,Financial services,NULL
OC_ACTOR_22595,6499999700.0,2021.0,19564.0,,NULL
OC_ACTOR_22602,7600000000.0,,21600.0,,NULL
OC_ACTOR_22623,50900000000.0,2020.0,85000.0,,NULL
OC_ACTOR_22628,8800000000.0,,12378.0,,NULL
OC_ACTOR_22638,19100000000.0,,,,NULL
OC_ACTOR_22640,10800000000.0,,20787.0,,NULL
OC_ACTOR_22650,1800000000.0,2020.0,2700.0,,NULL
OC_ACTOR_22651,3300000000.0,2020.0,5673.0,,NULL
OC_ACTOR_22658,9700000000.0,,56923.0,,NULL
OC_ACTOR_22661,552000000.0,2021.0,293.0,,NULL
OC_ACTOR_22671,33900000000.0,2020.0,172.0,,NULL
OC_ACTOR_22677,5699999700.0,2020.0,4500.0,Financial services,NULL
OC_ACTOR_22689,47800000000.0,2020.0,138240.0,,NULL
OC_ACTOR_22694,32800000000.0,2021.0,49387.0,,NULL
OC_ACTOR_22706,50000000000.0,2021.0,58253.0,,NULL
OC_ACTOR_22716,9300000000.0,2022.0,50691.0,Financial services,NULL
OC_ACTOR_22717,24700000000.0,2021.0,84398.0,,NULL
OC_ACTOR_22718,51100000000.0,2018.0,257252.0,,NULL
OC_ACTOR_22721,12300000000.0,2020.0,39103.0,,NULL
OC_ACTOR_22741,9600000000.0,2020.0,1759.0,,NULL
OC_ACTOR_22747,48400000000.0,2021.0,86659.0,Financial services,NULL
OC_ACTOR_22749,49900000000.0,2021.0,65662.0,,NULL
OC_ACTOR_22751,24600000000.0,2021.0,22719.0,,NULL
OC_ACTOR_22757,7200000000.0,2020.0,11832.0,,NULL
OC_ACTOR_22758,6200000000.0,2020.0,16327.0,Financial services,NULL
OC_ACTOR_22763,25500000000.0,,9330.0,,NULL
OC_ACTOR_22764,49000000000.0,2019.0,15401.0,,NULL
OC_ACTOR_22768,18600000000.0,,12229.0,,NULL
OC_ACTOR_22769,9900000000.0,,22024.0,,NULL
OC_ACTOR_22791,20500000000.0,2022.0,19500.0,,NULL
OC_ACTOR_22808,2200000000.0,,8135.0,,NULL
OC_ACTOR_22810,48500000000.0,2021.0,40848.0,Financial services,NULL
OC_ACTOR_22811,10200001000.0,,7016.0,,NULL
OC_ACTOR_22830,8499999700.0,2019.0,17825.0,,NULL
OC_ACTOR_22835,25900000000.0,2020.0,69651.0,Financial services,NULL
OC_ACTOR_22836,5299999700.0,,19983.0,,NULL
OC_ACTOR_22838,34200000000.0,2021.0,68601.0,Financial services,NULL
OC_ACTOR_22852,28800000000.0,2021.0,94514.0,Financial services,NULL
OC_ACTOR_22860,6099999700.0,2021.0,12818.0,,NULL
OC_ACTOR_22895,3400000000.0,2020.0,9667.0,,NULL
OC_ACTOR_22899,5299999700.0,2020.0,4008.0,,NULL
OC_ACTOR_22900,8800000000.0,2019.0,6000.0,,NULL
OC_ACTOR_22912,98900000000.0,2021.0,259800.0,,NULL
OC_ACTOR_22913,5100000300.0,,443.0,,NULL
OC_ACTOR_22919,25999999000.0,2020.0,33288.0,,NULL
OC_ACTOR_22920,9200000000.0,2021.0,46600.0,,NULL
OC_ACTOR_22924,16700000000.0,2020.0,159.0,,NULL
OC_ACTOR_22935,4600000000.0,2020.0,18238.0,,NULL
OC_ACTOR_22943,4800000000.0,,13491.0,,NULL
OC_ACTOR_22946,71800000000.0,2022.0,54030.0,,NULL
